id_doc,titre,texte,langue,date_publication,source_nom,id_type_donnee,type_donnee,date_collecte,format,humeur_label,humeur_score,valence,emotion,territoire_code_insee,territoire_commune,territoire_departement,territoire_region,annotation_status,annotation_date,annotator_id,annotation_keywords_yake,annotation_entities_spacy,annotation_polarity,annotation_intensity,annotation_summary
4,"Météo Lille,FR","Température: 5.18°C, légère pluie",fr,2025-11-18 23:27:33.998374,OpenWeatherMap API,3,Données Opérationnelles,2025-11-18 22:27:31.006977,api,,,,,,,,,pending,,,"[""0.02570861714399338"", ""0.04491197687864554"", ""0.15831692877998726"", ""0.15831692877998726""]","[{""text"": ""Température"", ""label"": ""PER"", ""start"": 0, ""end"": 11}, {""text"": ""C"", ""label"": ""MISC"", ""start"": 18, ""end"": 19}]",neutre,0.1,"Keywords: 0.02570861714399338, 0.04491197687864554, 0.15831692877998726, 0.15831692877998726 | Entities: Température (PER), C (MISC)"
3,"Météo Marseille,FR","Température: 6.86°C, ciel dégagé",fr,2025-11-18 23:27:33.301353,OpenWeatherMap API,3,Données Opérationnelles,2025-11-18 22:27:31.006977,api,,,,,,,,,pending,,,"[""0.02570861714399338"", ""0.04491197687864554"", ""0.15831692877998726"", ""0.15831692877998726""]","[{""text"": ""Température"", ""label"": ""LOC"", ""start"": 0, ""end"": 11}, {""text"": ""C"", ""label"": ""MISC"", ""start"": 18, ""end"": 19}]",neutre,0.1,"Keywords: 0.02570861714399338, 0.04491197687864554, 0.15831692877998726, 0.15831692877998726 | Entities: Température (LOC), C (MISC)"
2,"Météo Lyon,FR","Température: -2.65°C, ciel dégagé",fr,2025-11-18 23:27:32.571625,OpenWeatherMap API,3,Données Opérationnelles,2025-11-18 22:27:31.006977,api,,,,,,,,,pending,,,"[""0.02570861714399338"", ""0.04491197687864554"", ""0.15831692877998726"", ""0.15831692877998726""]","[{""text"": ""Température"", ""label"": ""PER"", ""start"": 0, ""end"": 11}]",neutre,0.1,"Keywords: 0.02570861714399338, 0.04491197687864554, 0.15831692877998726, 0.15831692877998726 | Entities: Température (PER)"
1,"Météo Paris,FR","Température: 6.27°C, couvert",fr,2025-11-18 23:27:31.822739,OpenWeatherMap API,3,Données Opérationnelles,2025-11-18 22:27:31.006977,api,,,,,,,,,pending,,,"[""0.04491197687864554"", ""0.04491197687864554""]","[{""text"": ""Température"", ""label"": ""LOC"", ""start"": 0, ""end"": 11}, {""text"": ""C"", ""label"": ""LOC"", ""start"": 18, ""end"": 19}]",neutre,0.1,"Keywords: 0.04491197687864554, 0.04491197687864554 | Entities: Température (LOC), C (LOC)"
10,Le Liban fait état d'au moins 13 morts dans une frappe israélienne sur un camp de réfugiés palestiniens,"De son côté, l'armée israélienne a affirmé avoir frappé un camp d'entraînement du Hamas.",fr,2025-11-18 22:06:24.000000,Flux RSS Multi-Sources,3,Données Opérationnelles,2025-11-18 22:27:31.006977,rss,,,,,,,,,pending,,,"[""0.026233073037508336"", ""0.04940384002065631"", ""0.08596317751626563"", ""0.09700399286574239"", ""0.09700399286574239"", ""0.09700399286574239"", ""0.09700399286574239"", ""0.15831692877998726"", ""0.15831692877998726"", ""0.29736558256021506""]","[{""text"": ""Hamas"", ""label"": ""ORG"", ""start"": 82, ""end"": 87}]",neutre,0.1,"Keywords: 0.026233073037508336, 0.04940384002065631, 0.08596317751626563, 0.09700399286574239, 0.09700399286574239 | Entities: Hamas (ORG)"
13,Municipales 2026 : Les Républicains apportent leur soutien à Louis Sarkozy à Menton,"Chroniqueur pour LCI, RMC et le magazine conservateur Valeurs actuelles, le fils de l'ancien président de la République s'était déclaré candidat dans la ville portuaire à la frontière italienne en septembre.",fr,2025-11-18 22:02:16.000000,Flux RSS Multi-Sources,3,Données Opérationnelles,2025-11-18 22:27:31.006977,rss,,,,,,,,,pending,,,"[""0.0006052376660884209"", ""0.0009123104856698896"", ""0.0009123104856698896"", ""0.0016012214736657916"", ""0.0036984844327355177"", ""0.005157590407455398"", ""0.007743432063478832"", ""0.007743432063478832"", ""0.00899321792126428"", ""0.013527995261974615""]","[{""text"": ""LCI"", ""label"": ""ORG"", ""start"": 17, ""end"": 20}, {""text"": ""RMC"", ""label"": ""ORG"", ""start"": 22, ""end"": 25}, {""text"": ""Valeurs actuelles"", ""label"": ""ORG"", ""start"": 54, ""end"": 71}, {""text"": ""président de la République"", ""label"": ""PER"", ""start"": 93, ""end"": 119}]",neutre,0.1,"Keywords: 0.0006052376660884209, 0.0009123104856698896, 0.0009123104856698896, 0.0016012214736657916, 0.0036984844327355177 | Entities: LCI (ORG), RMC (ORG), Valeurs actuelles (ORG), président de la République (PER)"
12,Les députés américains votent pour la publication des documents de l'affaire Epstein après une volte-face de Donald Trump,"Après avoir mené pendant des mois une campagne pour contrecarrer la tenue de ce vote à la Chambre, le président américain avait finalement apporté son soutien au texte dimanche.",fr,2025-11-18 21:49:19.000000,Flux RSS Multi-Sources,3,Données Opérationnelles,2025-11-18 22:27:31.006977,rss,,,,,,,,,pending,,,"[""0.015380821171891606"", ""0.02570861714399338"", ""0.02570861714399338"", ""0.02570861714399338"", ""0.02570861714399338"", ""0.02570861714399338"", ""0.02570861714399338"", ""0.02570861714399338"", ""0.057012387690331526"", ""0.09568045026443411""]","[{""text"": ""Chambre"", ""label"": ""ORG"", ""start"": 90, ""end"": 97}]",neutre,0.1,"Keywords: 0.015380821171891606, 0.02570861714399338, 0.02570861714399338, 0.02570861714399338, 0.02570861714399338 | Entities: Chambre (ORG)"
81,Le rappeur Zola a été placé en garde à vue pour séquestration et violences aggravées,"L’artiste est accusé avec trois autres personnes d’avoir séquestré, violenté et humilié un jeune admirateur qui aurait voulu le photographier à son domicile dans la commune du Pin, en Seine-et-Marne, le 6 novembre.",fr,2025-11-18 21:42:03.000000,Flux RSS Multi-Sources,3,Données Opérationnelles,2025-11-18 22:27:31.006977,rss,,,,,,,,,pending,,,"[""0.009108237309423345"", ""0.015380821171891606"", ""0.015380821171891606"", ""0.015380821171891606"", ""0.02570861714399338"", ""0.02570861714399338"", ""0.02570861714399338"", ""0.02570861714399338"", ""0.02570861714399338"", ""0.04491197687864554""]","[{""text"": ""Pin"", ""label"": ""LOC"", ""start"": 176, ""end"": 179}, {""text"": ""Seine-et-Marne"", ""label"": ""LOC"", ""start"": 184, ""end"": 198}]",neutre,0.1,"Keywords: 0.009108237309423345, 0.015380821171891606, 0.015380821171891606, 0.015380821171891606, 0.02570861714399338 | Entities: Pin (LOC), Seine-et-Marne (LOC)"
11,"La taxe foncière va augmenter pour 7,4 millions de logements en 2026, conséquence d'une mise à jour de données","Cette réévaluation vise à mieux prendre en compte certains critères dits ""de confort"", tels que la présence d'eau courante, d'électricité, de WC ou de lavabos dans le logement.",fr,2025-11-18 21:18:06.000000,Flux RSS Multi-Sources,3,Données Opérationnelles,2025-11-18 22:27:31.006977,rss,,,,,,,,,pending,,,"[""0.0010606143890052174"", ""0.00899321792126428"", ""0.00899321792126428"", ""0.013527995261974615"", ""0.013527995261974615"", ""0.013527995261974615"", ""0.013527995261974615"", ""0.013527995261974615"", ""0.013527995261974615"", ""0.04491197687864554""]","[{""text"": ""WC"", ""label"": ""LOC"", ""start"": 142, ""end"": 144}]",neutre,0.1,"Keywords: 0.0010606143890052174, 0.00899321792126428, 0.00899321792126428, 0.013527995261974615, 0.013527995261974615 | Entities: WC (LOC)"
41,Etats-Unis : Comment Marjorie Greene est passée de groupie à nouvelle ennemie de Trump ?,"La rupture entre Trump et Marjorie Taylor Greene révèle une fracture inédite au sein du mouvement MAGA, sur fond d’affaire Epstein, de tensions économiques et de luttes d’influence",fr,2025-11-18 21:11:48.000000,Flux RSS Multi-Sources,3,Données Opérationnelles,2025-11-18 22:27:31.006977,rss,,,,,,,,,pending,,,"[""0.0006487982591412822"", ""0.0012089197967110022"", ""0.001488913964133022"", ""0.007444681613352736"", ""0.007444681613352736"", ""0.007444681613352736"", ""0.009108237309423345"", ""0.009108237309423345"", ""0.013797198203993007"", ""0.013797198203993007""]","[{""text"": ""Trump"", ""label"": ""PER"", ""start"": 17, ""end"": 22}, {""text"": ""Marjorie Taylor Greene"", ""label"": ""PER"", ""start"": 26, ""end"": 48}, {""text"": ""MAGA"", ""label"": ""ORG"", ""start"": 98, ""end"": 102}, {""text"": ""Epstein"", ""label"": ""PER"", ""start"": 123, ""end"": 130}]",negative,0.036,"Keywords: 0.0006487982591412822, 0.0012089197967110022, 0.001488913964133022, 0.007444681613352736, 0.007444681613352736 | Entities: Trump (PER), Marjorie Taylor Greene (PER), MAGA (ORG), Epstein (PER)"
72,Un tribunal américain annule le redécoupage électoral du Texas favorisant les républicains,"Saisi par des électeurs afro-américains et latinos qui considéraient ce redécoupage électoral comme « discriminatoire », le tribunal a suspendu, mardi, la loi et ordonné aux autorités d’utiliser pour les élections de mi-mandat la même carte électorale qu’en 2024.",fr,2025-11-18 21:06:08.000000,Flux RSS Multi-Sources,3,Données Opérationnelles,2025-11-18 22:27:31.006977,rss,,,,,,,,,pending,,,"[""0.0025258761156662004"", ""0.015380821171891606"", ""0.015380821171891606"", ""0.02570861714399338"", ""0.02570861714399338"", ""0.02570861714399338"", ""0.02570861714399338"", ""0.02570861714399338"", ""0.02570861714399338"", ""0.02570861714399338""]",[],neutre,0.1,"Keywords: 0.0025258761156662004, 0.015380821171891606, 0.015380821171891606, 0.02570861714399338, 0.02570861714399338"
21,Condamnation de Brice Hortefeux : la préfète d'Auvergne-Rhône-Alpes acte la démission de ses fonctions de conseiller régional,"L'ancien ministre a été condamné le 25 septembre pour association de malfaiteur, dans le cadre de l'affaire du financement libyen de la campagne présidentielle de Nicolas Sarkozy.",fr,2025-11-18 20:58:03.000000,Flux RSS Multi-Sources,3,Données Opérationnelles,2025-11-18 22:27:31.006977,rss,,,,,,,,,pending,,,"[""0.0024724148017484047"", ""0.005484890844946624"", ""0.0065920978564317735"", ""0.0065920978564317735"", ""0.0065920978564317735"", ""0.009239332327148086"", ""0.009239332327148086"", ""0.009239332327148086"", ""0.009239332327148086"", ""0.04325931859548787""]","[{""text"": ""Nicolas Sarkozy"", ""label"": ""PER"", ""start"": 163, ""end"": 178}]",neutre,0.1,"Keywords: 0.0024724148017484047, 0.005484890844946624, 0.0065920978564317735, 0.0065920978564317735, 0.0065920978564317735 | Entities: Nicolas Sarkozy (PER)"
82,Viol à caractère antisémite à Courbevoie : la peine d’un mineur réduite en appel à sept ans de prison,"Agé de 13 ans à l’époque des faits, le jeune homme avait interjeté appel après avoir été condamné par le tribunal pour enfants de Nanterre à neuf ans de prison pour viol en réunion sur mineur de moins de 15 ans à raison de la religion.",fr,2025-11-18 20:55:02.000000,Flux RSS Multi-Sources,3,Données Opérationnelles,2025-11-18 22:27:31.006977,rss,,,,,,,,,pending,,,"[""0.004995098390693273"", ""0.008734081567426746"", ""0.008734081567426746"", ""0.008734081567426746"", ""0.008734081567426746"", ""0.008734081567426746"", ""0.008734081567426746"", ""0.008734081567426746"", ""0.017035053073699208"", ""0.017035053073699208""]","[{""text"": ""Nanterre"", ""label"": ""LOC"", ""start"": 130, ""end"": 138}]",neutre,0.1,"Keywords: 0.004995098390693273, 0.008734081567426746, 0.008734081567426746, 0.008734081567426746, 0.008734081567426746 | Entities: Nanterre (LOC)"
8,"""Mohammed ben Salmane n'était au courant de rien"" : Donald Trump défend le prince héritier saoudien, interrogé sur l'assassinat du journaliste Jamal Khashoggi",Le président américain a reçu Mohammed ben Salmane avec plus d'égards que tout autre dirigeant venu à la Maison Blanche depuis son retour au pouvoir en janvier.,fr,2025-11-18 20:42:32.000000,Flux RSS Multi-Sources,3,Données Opérationnelles,2025-11-18 22:27:31.006977,rss,,,,,,,,,pending,,,"[""0.00688415006041516"", ""0.015042304599106411"", ""0.02140921543860024"", ""0.04498862876540802"", ""0.04498862876540802"", ""0.04498862876540802"", ""0.04940384002065631"", ""0.09700399286574239"", ""0.09700399286574239"", ""0.09700399286574239""]","[{""text"": ""Mohammed ben Salmane"", ""label"": ""PER"", ""start"": 30, ""end"": 50}, {""text"": ""Maison Blanche"", ""label"": ""LOC"", ""start"": 105, ""end"": 119}]",neutre,0.1,"Keywords: 0.00688415006041516, 0.015042304599106411, 0.02140921543860024, 0.04498862876540802, 0.04498862876540802 | Entities: Mohammed ben Salmane (PER), Maison Blanche (LOC)"
73,L’équipe de France de tennis balayée par la Belgique en quarts de finale de la Coupe Davis,"A Bologne, les Bleus de Paul-Henri Mathieu ont perdu leurs deux rencontres de simple face aux Belges, qui se qualifient pour le dernier carré. Une grossière faute de jugement du fantasque Corentin Moutet a symbolisé la faillite tricolore.",fr,2025-11-18 20:39:42.000000,Flux RSS Multi-Sources,3,Données Opérationnelles,2025-11-18 22:27:31.006977,rss,,,,,,,,,pending,,,"[""0.008334116283452563"", ""0.01143354430345338"", ""0.01143354430345338"", ""0.01143354430345338"", ""0.015099935621315529"", ""0.02249651976012989"", ""0.02249651976012989"", ""0.022800252461321665"", ""0.0521883172778223"", ""0.05572221155747183""]","[{""text"": ""Bologne"", ""label"": ""LOC"", ""start"": 2, ""end"": 9}, {""text"": ""Bleus"", ""label"": ""ORG"", ""start"": 15, ""end"": 20}, {""text"": ""Paul-Henri Mathieu"", ""label"": ""PER"", ""start"": 24, ""end"": 42}, {""text"": ""Belges"", ""label"": ""LOC"", ""start"": 94, ""end"": 100}, {""text"": ""Corentin Moutet"", ""label"": ""PER"", ""start"": 188, ""end"": 203}]",neutre,0.1,"Keywords: 0.008334116283452563, 0.01143354430345338, 0.01143354430345338, 0.01143354430345338, 0.015099935621315529 | Entities: Bologne (LOC), Bleus (ORG), Paul-Henri Mathieu (PER), Belges (LOC), Corentin Moutet (PER)"
43,Paris : Pourquoi la mairie vise Dati en interdisant aux élus d’intervenir dans l’attribution de logements sociaux ?,"Paris renforce ses règles d’éthique. Après des accusations visant Rachida Dati, le Conseil de Paris interdit toute intervention d’un élu dans les demandes de logements sociaux de leurs proches",fr,2025-11-18 20:36:44.000000,Flux RSS Multi-Sources,3,Données Opérationnelles,2025-11-18 22:27:31.006977,rss,,,,,,,,,pending,,,"[""0.02034643494517978"", ""0.02200614361989435"", ""0.030120061121783785"", ""0.04256969440419523"", ""0.04507676667339635"", ""0.05789179987907509"", ""0.10939089520950872"", ""0.11069675727132847"", ""0.11661560528786064"", ""0.11674283886689028""]","[{""text"": ""Paris"", ""label"": ""LOC"", ""start"": 0, ""end"": 5}, {""text"": ""Rachida Dati"", ""label"": ""PER"", ""start"": 66, ""end"": 78}, {""text"": ""Conseil de Paris"", ""label"": ""ORG"", ""start"": 83, ""end"": 99}]",neutre,0.1,"Keywords: 0.02034643494517978, 0.02200614361989435, 0.030120061121783785, 0.04256969440419523, 0.04507676667339635 | Entities: Paris (LOC), Rachida Dati (PER), Conseil de Paris (ORG)"
69,"Les limites des « cellules de déontologie », juges et partie des manquements au sein de la police",L’enquête d’une organisation qui milite contre les violences policières souligne les différences territoriales et les problèmes de méthodes que posent ces structures locales internes chargées d’enquêtes déontologiques. Le député socialiste Roger Vicot annonce qu’il va demander la mise en place d’une commission d’enquête sur le sujet.,fr,2025-11-18 20:16:46.000000,Flux RSS Multi-Sources,3,Données Opérationnelles,2025-11-18 22:27:31.006977,rss,,,,,,,,,pending,,,"[""0.005538403911413503"", ""0.005538403911413503"", ""0.005538403911413503"", ""0.007388396847889365"", ""0.007388396847889366"", ""0.011090504388329883"", ""0.02970272646831251"", ""0.029702726468312516"", ""0.03054360784562678"", ""0.03054360784562678""]","[{""text"": ""Roger Vicot"", ""label"": ""PER"", ""start"": 240, ""end"": 251}]",neutre,0.1,"Keywords: 0.005538403911413503, 0.005538403911413503, 0.005538403911413503, 0.007388396847889365, 0.007388396847889366 | Entities: Roger Vicot (PER)"
14,"Radio France et France Télévisions portent plainte contre CNews, Europe 1 et ""Le JDD""","Ces plaintes interviennent sur fond de conflit avec les médias privés de Vincent Bolloré, qui accusent l'audiovisuel public de partialité.",fr,2025-11-18 20:14:09.000000,Flux RSS Multi-Sources,3,Données Opérationnelles,2025-11-18 22:27:31.006977,rss,,,,,,,,,pending,,,"[""0.0016012214736657916"", ""0.003186830720042235"", ""0.007743432063478832"", ""0.00899321792126428"", ""0.013527995261974615"", ""0.013527995261974615"", ""0.013527995261974615"", ""0.013527995261974615"", ""0.013527995261974615"", ""0.013527995261974615""]","[{""text"": ""Vincent Bolloré"", ""label"": ""PER"", ""start"": 73, ""end"": 88}]",neutre,0.1,"Keywords: 0.0016012214736657916, 0.003186830720042235, 0.007743432063478832, 0.00899321792126428, 0.013527995261974615 | Entities: Vincent Bolloré (PER)"
36,"Obsèques de Mehdi Kessaci : « Choquée » et « apeurée », Marseille essuie ses larmes sous haute surveillance","Le militant engagé contre le narcotrafic Amine Kessaci et sa famille, entourés de nombreux soutiens, ont enterré son petit frère Mehdi, abattu jeudi dans ce qui semble être le premier « assassinat d’intimidation » à Marseille",fr,2025-11-18 20:01:13.000000,Flux RSS Multi-Sources,3,Données Opérationnelles,2025-11-18 22:27:31.006977,rss,,,,,,,,,pending,,,"[""0.000520831271389681"", ""0.0006525952843256722"", ""0.00444318827900726"", ""0.005548741293751374"", ""0.005987543063120938"", ""0.007743432063478832"", ""0.00899321792126428"", ""0.013527995261974615"", ""0.013527995261974615"", ""0.013527995261974615""]","[{""text"": ""Amine Kessaci"", ""label"": ""PER"", ""start"": 41, ""end"": 54}, {""text"": ""Mehdi"", ""label"": ""PER"", ""start"": 129, ""end"": 134}, {""text"": ""Marseille"", ""label"": ""LOC"", ""start"": 216, ""end"": 225}]",neutre,0.1,"Keywords: 0.000520831271389681, 0.0006525952843256722, 0.00444318827900726, 0.005548741293751374, 0.005987543063120938 | Entities: Amine Kessaci (PER), Mehdi (PER), Marseille (LOC)"
66,Affaire Epstein : la Chambre des représentants américaine vote pour la publication des documents d’enquête,"Donald Trump était accusé d’essayer de dissimuler des éléments l’impliquant dans cette affaire en bloquant ce vote, ce qu’il a démenti. Le texte sera désormais soumis au Sénat.",fr,2025-11-18 19:56:14.000000,Flux RSS Multi-Sources,3,Données Opérationnelles,2025-11-18 22:27:31.006977,rss,,,,,,,,,pending,,,"[""0.012144316412564459"", ""0.01984585111858601"", ""0.02541909697430123"", ""0.02541909697430123"", ""0.04188746641162499"", ""0.04188746641162499"", ""0.04188746641162499"", ""0.04188746641162499"", ""0.04188746641162499"", ""0.09705179139403544""]","[{""text"": ""Donald Trump"", ""label"": ""PER"", ""start"": 0, ""end"": 12}, {""text"": ""Sénat"", ""label"": ""ORG"", ""start"": 170, ""end"": 175}]",neutre,0.1,"Keywords: 0.012144316412564459, 0.01984585111858601, 0.02541909697430123, 0.02541909697430123, 0.04188746641162499 | Entities: Donald Trump (PER), Sénat (ORG)"
33,"Emmanuel Macron se dit ""disponible"" pour échanger avec le président algérien afin de pouvoir ""avancer""","Un début d'apaisement entre Paris et Alger semble s'esquisser, depuis la grâce accordée la semaine dernière par Abdelmadjid Tebboune à l'écrivain franco-algérien Boualem Sansal.",fr,2025-11-18 19:55:22.000000,Flux RSS Multi-Sources,3,Données Opérationnelles,2025-11-18 22:27:31.006977,rss,,,,,,,,,pending,,,"[""0.0007966053627238118"", ""0.0013485152131775047"", ""0.002263175936744087"", ""0.004925103769790319"", ""0.007444681613352736"", ""0.007444681613352736"", ""0.013797198203993007"", ""0.013797198203993007"", ""0.013797198203993007"", ""0.013797198203993007""]","[{""text"": ""Paris"", ""label"": ""LOC"", ""start"": 28, ""end"": 33}, {""text"": ""Alger"", ""label"": ""LOC"", ""start"": 37, ""end"": 42}, {""text"": ""Abdelmadjid Tebboune"", ""label"": ""PER"", ""start"": 112, ""end"": 132}, {""text"": ""Boualem Sansal"", ""label"": ""PER"", ""start"": 162, ""end"": 176}]",neutre,0.1,"Keywords: 0.0007966053627238118, 0.0013485152131775047, 0.002263175936744087, 0.004925103769790319, 0.007444681613352736 | Entities: Paris (LOC), Alger (LOC), Abdelmadjid Tebboune (PER), Boualem Sansal (PER)"
78,"Assassinat de Khashoggi : Donald Trump défend le prince héritier saoudien, qui promet 1 000 milliards d’investissements aux Etats-Unis","L’affaire Khashoggi, du nom d’un journaliste assassiné en 2018, a relégué au second plan les autres dossiers de la visite de Mohammed Ben Salman, qui a reçu un accueil digne d’un chef d’Etat.",fr,2025-11-18 19:38:53.000000,Flux RSS Multi-Sources,3,Données Opérationnelles,2025-11-18 22:27:31.006977,rss,,,,,,,,,pending,,,"[""0.0005023106411678418"", ""0.004931303718310136"", ""0.00549051668090063"", ""0.006436556097078653"", ""0.008225694406574719"", ""0.008305558720764548"", ""0.008305558720764548"", ""0.008305558720764548"", ""0.00830555872076455"", ""0.01594612648757867""]","[{""text"": ""Khashoggi"", ""label"": ""PER"", ""start"": 10, ""end"": 19}, {""text"": ""Mohammed Ben Salman"", ""label"": ""PER"", ""start"": 125, ""end"": 144}, {""text"": ""Etat"", ""label"": ""LOC"", ""start"": 186, ""end"": 190}]",neutre,0.1,"Keywords: 0.0005023106411678418, 0.004931303718310136, 0.00549051668090063, 0.006436556097078653, 0.008225694406574719 | Entities: Khashoggi (PER), Mohammed Ben Salman (PER), Etat (LOC)"
16,Deux Ukrainiens au service de Moscou soupçonnés de deux actes de sabotage sur une voie ferrée en Pologne,"Peu de temps après les incidents, les deux suspects auraient quitté le territoire polonais pour la Biélorussie.",fr,2025-11-18 19:37:09.000000,Flux RSS Multi-Sources,3,Données Opérationnelles,2025-11-18 22:27:31.006977,rss,,,,,,,,,pending,,,"[""0.0042542192213185686"", ""0.02570861714399338"", ""0.02570861714399338"", ""0.02570861714399338"", ""0.02570861714399338"", ""0.057012387690331526"", ""0.09568045026443411"", ""0.15831692877998726"", ""0.15831692877998726"", ""0.15831692877998726""]","[{""text"": ""Biélorussie"", ""label"": ""LOC"", ""start"": 99, ""end"": 110}]",neutre,0.1,"Keywords: 0.0042542192213185686, 0.02570861714399338, 0.02570861714399338, 0.02570861714399338, 0.02570861714399338 | Entities: Biélorussie (LOC)"
71,"Face à CNews, France Télévisions et Radio France portent la riposte sur le terrain judiciaire","Les deux entreprises de l’audiovisuel public ont saisi le tribunal de commerce pour « dénigrement », après la campagne menée par les médias du groupe Bolloré lors de la divulgation, en septembre, de la vidéo des journalistes Thomas Legrand et Patrick Cohen avec des représentants du Parti socialiste.",fr,2025-11-18 19:35:39.000000,Flux RSS Multi-Sources,3,Données Opérationnelles,2025-11-18 22:27:31.006977,rss,,,,,,,,,pending,,,"[""0.0003152691419412414"", ""0.0005320541823066006"", ""0.0032610119837787367"", ""0.0032610119837787367"", ""0.0032610119837787367"", ""0.003917546799371481"", ""0.005484890844946624"", ""0.005484890844946624"", ""0.005484890844946624"", ""0.005484890844946624""]","[{""text"": ""Bolloré"", ""label"": ""ORG"", ""start"": 150, ""end"": 157}, {""text"": ""Thomas Legrand"", ""label"": ""PER"", ""start"": 225, ""end"": 239}, {""text"": ""Patrick Cohen"", ""label"": ""PER"", ""start"": 243, ""end"": 256}, {""text"": ""Parti socialiste"", ""label"": ""ORG"", ""start"": 283, ""end"": 299}]",neutre,0.1,"Keywords: 0.0003152691419412414, 0.0005320541823066006, 0.0032610119837787367, 0.0032610119837787367, 0.0032610119837787367 | Entities: Bolloré (ORG), Thomas Legrand (PER), Patrick Cohen (PER), Parti socialiste (ORG)"
67,"EN DIRECT, Liban : au moins treize morts dans une frappe israélienne sur un camp de réfugiés palestiniens","Le ministère libanais de la santé a fait état, mardi soir, de onze morts dans une frappe israélienne sur un véhicule dans un camp de réfugiés palestiniens du sud du Liban, tandis que l’armée israélienne dit avoir frappé un camp d’entraînement du mouvement islamiste palestinien Hamas.",fr,2025-11-18 19:24:47.000000,Flux RSS Multi-Sources,3,Données Opérationnelles,2025-11-18 22:27:31.006977,rss,,,,,,,,,pending,,,"[""0.0013077615263519693"", ""0.00342397584903797"", ""0.00342397584903797"", ""0.007115565058387045"", ""0.008246287641323687"", ""0.0094457434840446"", ""0.012310517328459421"", ""0.018414409524239835"", ""0.018414409524239835"", ""0.018414409524239835""]","[{""text"": ""Liban"", ""label"": ""LOC"", ""start"": 165, ""end"": 170}, {""text"": ""Hamas"", ""label"": ""ORG"", ""start"": 278, ""end"": 283}]",neutre,0.1,"Keywords: 0.0013077615263519693, 0.00342397584903797, 0.00342397584903797, 0.007115565058387045, 0.008246287641323687 | Entities: Liban (LOC), Hamas (ORG)"
15,"Futur avion de combat européen  : Emmanuel Macron évoque une ""obligation de résultat"" au côté du chancelier allemand","Lancé en 2017 comme symbole de la coopération de défense entre Berlin et Paris, avant d'être rejoint par l'Espagne, ce projet peine à décoller à cause de divergences entre les entreprises impliquées.",fr,2025-11-18 19:22:17.000000,Flux RSS Multi-Sources,3,Données Opérationnelles,2025-11-18 22:27:31.006977,rss,,,,,,,,,pending,,,"[""0.003186830720042235"", ""0.007743432063478832"", ""0.00899321792126428"", ""0.00899321792126428"", ""0.013527995261974615"", ""0.013527995261974615"", ""0.013527995261974615"", ""0.013527995261974615"", ""0.013527995261974615"", ""0.013527995261974615""]","[{""text"": ""Berlin"", ""label"": ""LOC"", ""start"": 63, ""end"": 69}, {""text"": ""Paris"", ""label"": ""LOC"", ""start"": 73, ""end"": 78}, {""text"": ""l'Espagne"", ""label"": ""LOC"", ""start"": 105, ""end"": 114}]",neutre,0.1,"Keywords: 0.003186830720042235, 0.007743432063478832, 0.00899321792126428, 0.00899321792126428, 0.013527995261974615 | Entities: Berlin (LOC), Paris (LOC), l'Espagne (LOC)"
18,"La vente de la Pascaline, machine à calculer inventée par Blaise Pascal, est suspendue",Des scientifiques et chercheurs avaient exprimé une incompréhension face à cette vente et entamé une action en justice.,fr,2025-11-18 19:14:51.000000,Flux RSS Multi-Sources,3,Données Opérationnelles,2025-11-18 22:27:31.006977,rss,,,,,,,,,pending,,,"[""0.015380821171891606"", ""0.02570861714399338"", ""0.02570861714399338"", ""0.02570861714399338"", ""0.02570861714399338"", ""0.02570861714399338"", ""0.02570861714399338"", ""0.09568045026443411"", ""0.15831692877998726"", ""0.15831692877998726""]",[],neutre,0.1,"Keywords: 0.015380821171891606, 0.02570861714399338, 0.02570861714399338, 0.02570861714399338, 0.02570861714399338"
42,"Un homme, entre 50 et 69 ans, Parisien, cadre… Voici le portrait-robot du « super-riche » français","Les Français les plus riches sont plus souvent cadres ou indépendants, vivent en couple sans enfant et cumulent revenus importants, biens immobiliers, assurance vie, placements et patrimoine professionnel",fr,2025-11-18 19:12:39.000000,Flux RSS Multi-Sources,3,Données Opérationnelles,2025-11-18 22:27:31.006977,rss,,,,,,,,,pending,,,"[""0.0025258761156662004"", ""0.009239332327148086"", ""0.015380821171891606"", ""0.015380821171891606"", ""0.015380821171891606"", ""0.015380821171891606"", ""0.015380821171891606"", ""0.02570861714399338"", ""0.02570861714399338"", ""0.02570861714399338""]","[{""text"": ""Français"", ""label"": ""LOC"", ""start"": 4, ""end"": 12}]",neutre,0.1,"Keywords: 0.0025258761156662004, 0.009239332327148086, 0.015380821171891606, 0.015380821171891606, 0.015380821171891606 | Entities: Français (LOC)"
45,Edouard Philippe persiste et signe sur le départ anticipé d’Emmanuel Macron,"Au Salon des maires à Paris, Edouard Philippe a réitéré sa volonté de voir Emmanuel Macron partir de manière anticipée",fr,2025-11-18 19:09:47.000000,Flux RSS Multi-Sources,3,Données Opérationnelles,2025-11-18 22:27:31.006977,rss,,,,,,,,,pending,,,"[""0.0012089197967110022"", ""0.0012089197967110022"", ""0.004925103769790319"", ""0.007444681613352736"", ""0.009108237309423345"", ""0.013797198203993007"", ""0.013797198203993007"", ""0.013797198203993007"", ""0.013797198203993007"", ""0.015380821171891606""]","[{""text"": ""Salon des maires à Paris"", ""label"": ""ORG"", ""start"": 3, ""end"": 27}, {""text"": ""Edouard Philippe"", ""label"": ""PER"", ""start"": 29, ""end"": 45}, {""text"": ""Emmanuel Macron"", ""label"": ""PER"", ""start"": 75, ""end"": 90}]",neutre,0.1,"Keywords: 0.0012089197967110022, 0.0012089197967110022, 0.004925103769790319, 0.007444681613352736, 0.009108237309423345 | Entities: Salon des maires à Paris (ORG), Edouard Philippe (PER), Emmanuel Macron (PER)"
6,"Le groupe Nestlé peut continuer à commercialiser ses eaux Perrier sous l'appellation ""eau minérale naturelle"", tranche la justice","Le tribunal de Nanterre avait été saisi au printemps par l'UFC-Que choisir, qui demandait une ""interdiction de commercialisation"" et ""la cessation des tromperies"".",fr,2025-11-18 19:07:11.000000,Flux RSS Multi-Sources,3,Données Opérationnelles,2025-11-18 22:27:31.006977,rss,,,,,,,,,pending,,,"[""0.009239332327148086"", ""0.013797198203993007"", ""0.015380821171891606"", ""0.02570861714399338"", ""0.04491197687864554"", ""0.08596317751626563"", ""0.09568045026443411"", ""0.09568045026443411"", ""0.09568045026443411"", ""0.15831692877998726""]","[{""text"": ""tribunal de Nanterre"", ""label"": ""MISC"", ""start"": 3, ""end"": 23}, {""text"": ""UFC"", ""label"": ""ORG"", ""start"": 59, ""end"": 62}]",neutre,0.1,"Keywords: 0.009239332327148086, 0.013797198203993007, 0.015380821171891606, 0.02570861714399338, 0.04491197687864554 | Entities: tribunal de Nanterre (MISC), UFC (ORG)"
70,Meta remporte une victoire majeure et ne devra pas vendre WhatsApp ni Instagram,Un juge américain a estimé mardi que l’autorité de la concurrence américaine n’avait pas réussi à prouver la situation de « monopole » du groupe de Mark Zuckerberg.,fr,2025-11-18 19:05:33.000000,Flux RSS Multi-Sources,3,Données Opérationnelles,2025-11-18 22:27:31.006977,rss,,,,,,,,,pending,,,"[""0.0016012214736657916"", ""0.003186830720042235"", ""0.007743432063478832"", ""0.013527995261974615"", ""0.013527995261974615"", ""0.013527995261974615"", ""0.013527995261974615"", ""0.013527995261974615"", ""0.013527995261974615"", ""0.013527995261974615""]","[{""text"": ""Mark Zuckerberg"", ""label"": ""PER"", ""start"": 148, ""end"": 163}]",neutre,0.1,"Keywords: 0.0016012214736657916, 0.003186830720042235, 0.007743432063478832, 0.013527995261974615, 0.013527995261974615 | Entities: Mark Zuckerberg (PER)"
29,"Narcobanditisme : ""Une quinzaine de magistrats menacés sont sous protection rapprochée"", selon le porte-parole du ministère de la Justice","Sacha Straub-Kahn indique que certains magistrats sont protégés de façon ""structurelle"" et d'autres ""de façon temporaire"" car menacés par des gens sur lesquels ils enquêtent.",fr,2025-11-18 18:47:22.000000,Flux RSS Multi-Sources,3,Données Opérationnelles,2025-11-18 22:27:31.006977,rss,,,,,,,,,pending,,,"[""0.0025258761156662004"", ""0.015380821171891606"", ""0.02570861714399338"", ""0.02570861714399338"", ""0.04491197687864554"", ""0.09568045026443411"", ""0.09568045026443411"", ""0.09568045026443411"", ""0.09568045026443411"", ""0.15831692877998726""]","[{""text"": ""Sacha Straub-Kahn"", ""label"": ""PER"", ""start"": 0, ""end"": 17}]",neutre,0.1,"Keywords: 0.0025258761156662004, 0.015380821171891606, 0.02570861714399338, 0.02570861714399338, 0.04491197687864554 | Entities: Sacha Straub-Kahn (PER)"
5,"Narcotrafic : ""Acheter de la cocaïne"", c'est ""être complice"", estime Emmanuel Macron","Le président de la République a convoqué une réunion, mardi à l'Elysée, entre les ministres concernés et les acteurs de la lutte contre le narcotrafic.",fr,2025-11-18 18:45:20.000000,Flux RSS Multi-Sources,3,Données Opérationnelles,2025-11-18 22:27:31.006977,rss,,,,,,,,,pending,,,"[""0.009239332327148086"", ""0.013797198203993007"", ""0.015380821171891606"", ""0.02570861714399338"", ""0.08596317751626563"", ""0.09568045026443411"", ""0.09568045026443411"", ""0.09568045026443411"", ""0.09568045026443411"", ""0.15831692877998726""]","[{""text"": ""président de la République"", ""label"": ""PER"", ""start"": 3, ""end"": 29}, {""text"": ""l'Elysée"", ""label"": ""LOC"", ""start"": 62, ""end"": 70}]",neutre,0.1,"Keywords: 0.009239332327148086, 0.013797198203993007, 0.015380821171891606, 0.02570861714399338, 0.08596317751626563 | Entities: président de la République (PER), l'Elysée (LOC)"
32,"""Eau minérale naturelle"" Perrier : l'UFC-Que Choisir dénonce ""une décision qui n'est pas à la hauteur""","L'association de consommateurs exprime sa colère après que la justice a autorisé la poursuite de la commercialisation des eaux Perrier sous l'appellation ""eau minérale naturelle"".",fr,2025-11-18 18:35:54.000000,Flux RSS Multi-Sources,3,Données Opérationnelles,2025-11-18 22:27:31.006977,rss,,,,,,,,,pending,,,"[""0.0007033879598307785"", ""0.005157590407455398"", ""0.007743432063478832"", ""0.00899321792126428"", ""0.00899321792126428"", ""0.00899321792126428"", ""0.013527995261974615"", ""0.013527995261974615"", ""0.013527995261974615"", ""0.013527995261974615""]","[{""text"": ""Perrier"", ""label"": ""LOC"", ""start"": 127, ""end"": 134}]",negative,0.04,"Keywords: 0.0007033879598307785, 0.005157590407455398, 0.007743432063478832, 0.00899321792126428, 0.00899321792126428 | Entities: Perrier (LOC)"
37,A quel prix la Grèce rembourse-t-elle les milliards prêtés par la France ?,"Alors que la Grèce a connu en 2010 une grave crise, qui l’a conduite à solliciter l’aide du FMI et de l’UE, ses finances publiques ont été redressées au prix d’une forte austérité, souligne Joëlle Dalègre, spécialiste du pays méditerranéen",fr,2025-11-18 18:34:21.000000,Flux RSS Multi-Sources,3,Données Opérationnelles,2025-11-18 22:27:31.006977,rss,,,,,,,,,pending,,,"[""0.000477348531910374"", ""0.0025258761156662004"", ""0.0042542192213185686"", ""0.004925103769790319"", ""0.008293207122436794"", ""0.013797198203993007"", ""0.013797198203993007"", ""0.015380821171891606"", ""0.015380821171891606"", ""0.015380821171891606""]","[{""text"": ""Grèce"", ""label"": ""LOC"", ""start"": 13, ""end"": 18}, {""text"": ""FMI"", ""label"": ""ORG"", ""start"": 92, ""end"": 95}, {""text"": ""UE"", ""label"": ""ORG"", ""start"": 104, ""end"": 106}, {""text"": ""Joëlle Dalègre"", ""label"": ""PER"", ""start"": 190, ""end"": 204}]",negative,0.026,"Keywords: 0.000477348531910374, 0.0025258761156662004, 0.0042542192213185686, 0.004925103769790319, 0.008293207122436794 | Entities: Grèce (LOC), FMI (ORG), UE (ORG), Joëlle Dalègre (PER)"
39,Guerre en Ukraine : Le Kremlin reproche à la France d'« alimenter » la guerre et des saboteurs en fuite,"« 20 Minutes » fait le point pour vous tous les soirs sur le conflit en Ukraine. Ce mardi, le Kremlin a (mal) réagi à l’accord « historique » sur les Rafale entre la France et Kiev",fr,2025-11-18 18:32:22.000000,Flux RSS Multi-Sources,3,Données Opérationnelles,2025-11-18 22:27:31.006977,rss,,,,,,,,,pending,,,"[""0.008334116283452563"", ""0.03625524040669144"", ""0.039371721392896894"", ""0.05572221155747183"", ""0.08446611338711053"", ""0.14832923246533666"", ""0.14832923246533666"", ""0.14832923246533666"", ""0.17008796978057666"", ""0.17881754828257995""]","[{""text"": ""Ukraine"", ""label"": ""LOC"", ""start"": 72, ""end"": 79}, {""text"": ""Kremlin"", ""label"": ""LOC"", ""start"": 94, ""end"": 101}, {""text"": ""Rafale"", ""label"": ""ORG"", ""start"": 150, ""end"": 156}, {""text"": ""la France"", ""label"": ""LOC"", ""start"": 163, ""end"": 172}, {""text"": ""Kiev"", ""label"": ""LOC"", ""start"": 176, ""end"": 180}]",neutre,0.1,"Keywords: 0.008334116283452563, 0.03625524040669144, 0.039371721392896894, 0.05572221155747183, 0.08446611338711053 | Entities: Ukraine (LOC), Kremlin (LOC), Rafale (ORG), la France (LOC), Kiev (LOC)"
28,Onze ex-ministres étrillent les propositions de Sébastien Lecornu sur les agences régionales de santé,"Vendredi, le Premier ministre s'est déclaré favorable à une ""réforme profonde"" des ARS, bras armé de l'Etat en région pour faire appliquer la politique de santé, et a prôné des transferts de compétences au profit des préfets et des départements.",fr,2025-11-18 18:25:00.000000,Flux RSS Multi-Sources,3,Données Opérationnelles,2025-11-18 22:27:31.006977,rss,,,,,,,,,pending,,,"[""0.0008990471097494833"", ""0.0008990471097494833"", ""0.00470688094720815"", ""0.0065920978564317735"", ""0.0065920978564317735"", ""0.009239332327148086"", ""0.009239332327148086"", ""0.009239332327148086"", ""0.009239332327148086"", ""0.009239332327148086""]","[{""text"": ""Vendredi"", ""label"": ""LOC"", ""start"": 0, ""end"": 8}, {""text"": ""Premier ministre"", ""label"": ""MISC"", ""start"": 13, ""end"": 29}, {""text"": ""ARS"", ""label"": ""LOC"", ""start"": 83, ""end"": 86}, {""text"": ""Etat"", ""label"": ""LOC"", ""start"": 103, ""end"": 107}]",positive,0.025,"Keywords: 0.0008990471097494833, 0.0008990471097494833, 0.00470688094720815, 0.0065920978564317735, 0.0065920978564317735 | Entities: Vendredi (LOC), Premier ministre (MISC), ARS (LOC), Etat (LOC)"
27,"Le Sénat adopte le projet de loi contre la fraude sociale et fiscale, la gauche s'inquiète d'une ""stigmatisation"" des chômeurs",Le texte est désormais entre les mains des députés. Le gouvernement espère tirer de ce plan plus de deux milliards d'euros dès 2026.,fr,2025-11-18 18:20:25.000000,Flux RSS Multi-Sources,3,Données Opérationnelles,2025-11-18 22:27:31.006977,rss,,,,,,,,,pending,,,"[""0.02541909697430123"", ""0.12363091320521931"", ""0.1829003496708144"", ""0.2005079697193566"", ""0.2005079697193566"", ""0.2766850298235749"", ""0.2766850298235749"", ""0.2766850298235749"", ""0.46553351027698087"", ""0.46553351027698087""]",[],neutre,0.1,"Keywords: 0.02541909697430123, 0.12363091320521931, 0.1829003496708144, 0.2005079697193566, 0.2005079697193566"
40,Seine-et-Marne : Le rappeur Zola interpellé pour séquestration et violences avec arme sur un fan,Un fan avait voulu le prendre en photo à son domicile et aurait été séquestré et torturé pendant deux heures,fr,2025-11-18 18:07:06.000000,Flux RSS Multi-Sources,3,Données Opérationnelles,2025-11-18 22:27:31.006977,rss,,,,,,,,,pending,,,"[""0.02570861714399338"", ""0.02570861714399338"", ""0.02570861714399338"", ""0.02570861714399338"", ""0.02570861714399338"", ""0.02570861714399338"", ""0.09568045026443411"", ""0.15831692877998726"", ""0.15831692877998726"", ""0.15831692877998726""]",[],neutre,0.1,"Keywords: 0.02570861714399338, 0.02570861714399338, 0.02570861714399338, 0.02570861714399338, 0.02570861714399338"
31,Assassinat de Mehdi Kessaci : l'enquête est transférée à la juridiction nationale de lutte contre la criminalité organisée à Paris,"Le parquet de Marseille s'est rapidement orienté vers la piste d'un ""assassinat d'avertissement"" visant le frère de la victime, Amine Kessaci, un militant écologiste engagé dans la lutte contre le narcotrafic.",fr,2025-11-18 18:04:34.000000,Flux RSS Multi-Sources,3,Données Opérationnelles,2025-11-18 22:27:31.006977,rss,,,,,,,,,pending,,,"[""0.0009123104856698896"", ""0.0016012214736657916"", ""0.0016012214736657916"", ""0.0022865299808362567"", ""0.005987543063120938"", ""0.007743432063478832"", ""0.007743432063478832"", ""0.00899321792126428"", ""0.00899321792126428"", ""0.013527995261974615""]","[{""text"": ""Marseille"", ""label"": ""LOC"", ""start"": 14, ""end"": 23}, {""text"": ""Amine Kessaci"", ""label"": ""PER"", ""start"": 128, ""end"": 141}]",neutre,0.1,"Keywords: 0.0009123104856698896, 0.0016012214736657916, 0.0016012214736657916, 0.0022865299808362567, 0.005987543063120938 | Entities: Marseille (LOC), Amine Kessaci (PER)"
35,« Notre histoire de France » : Sonia Rolland se « sent légitime à incarner un visage de la France et son histoire »,"Sonia Rolland est la nouvelle narratrice de la série documentaire historique de France 2, « Notre histoire de France »",fr,2025-11-18 18:01:06.000000,Flux RSS Multi-Sources,3,Données Opérationnelles,2025-11-18 22:27:31.006977,rss,,,,,,,,,pending,,,"[""0.002477776488322723"", ""0.005397282357123909"", ""0.005397282357123909"", ""0.006481566517462578"", ""0.018034246898548233"", ""0.018034246898548233"", ""0.018034246898548233"", ""0.020166922273307443"", ""0.07197839425549828"", ""0.08946888050496495""]","[{""text"": ""Sonia Rolland"", ""label"": ""PER"", ""start"": 0, ""end"": 13}, {""text"": ""de France"", ""label"": ""LOC"", ""start"": 77, ""end"": 86}, {""text"": ""de France"", ""label"": ""LOC"", ""start"": 107, ""end"": 116}]",neutre,0.1,"Keywords: 0.002477776488322723, 0.005397282357123909, 0.005397282357123909, 0.006481566517462578, 0.018034246898548233 | Entities: Sonia Rolland (PER), de France (LOC), de France (LOC)"
22,Le rappeur Zola placé en garde à vue pour séquestration et violence avec arme,"Les faits ont eu lieu au début du mois en Seine-et-Marne, où réside le rappeur.",fr,2025-11-18 18:00:27.000000,Flux RSS Multi-Sources,3,Données Opérationnelles,2025-11-18 22:27:31.006977,rss,,,,,,,,,pending,,,"[""0.04940384002065631"", ""0.09700399286574239"", ""0.15831692877998726"", ""0.29736558256021506"", ""0.29736558256021506"", ""0.29736558256021506""]","[{""text"": ""Seine-et-Marne"", ""label"": ""LOC"", ""start"": 42, ""end"": 56}]",neutre,0.1,"Keywords: 0.04940384002065631, 0.09700399286574239, 0.15831692877998726, 0.29736558256021506, 0.29736558256021506 | Entities: Seine-et-Marne (LOC)"
17,"INFO FRANCETV. ""Paiements retrouvés"" : les premiers résultats de l'enquête interne d'Engie sur les éventuels liens entre Rachida Dati et GDF Suez","Cette procédure confirme des révélations de ""Complément d'enquête"" et du ""Nouvel Obs"" sur des documents exclusifs faisant apparaître que Rachida Dati a perçu 299 000 euros de la part d’un cabinet d’avocats auquel GDF Suez avait versé la même somme. Elle était alors eurodéputée et prenait des positions jugées favorables au secteur gazier. Elle a toujours nié avoir le groupe comme client dans ses activités d’avocate.",fr,2025-11-18 18:00:15.000000,Flux RSS Multi-Sources,3,Données Opérationnelles,2025-11-18 22:27:31.006977,rss,,,,,,,,,pending,,,"[""0.0034930855772298953"", ""0.004737258569048452"", ""0.004737258569048452"", ""0.0064583528173228115"", ""0.0064583528173228115"", ""0.006617494767424653"", ""0.009006135945833575"", ""0.013298450721193376"", ""0.013298450721193376"", ""0.013298450721193376""]","[{""text"": ""Nouvel Obs"", ""label"": ""ORG"", ""start"": 74, ""end"": 84}, {""text"": ""Rachida Dati"", ""label"": ""PER"", ""start"": 137, ""end"": 149}, {""text"": ""GDF Suez"", ""label"": ""ORG"", ""start"": 213, ""end"": 221}]",positive,0.016,"Keywords: 0.0034930855772298953, 0.004737258569048452, 0.004737258569048452, 0.0064583528173228115, 0.0064583528173228115 | Entities: Nouvel Obs (ORG), Rachida Dati (PER), GDF Suez (ORG)"
75,"Margaret Atwood : « Les romanciers n’en savent pas plus que les autres sur la nature humaine. Souvent, ils en savent même moins »","La célèbre écrivaine canadienne, autrice de « La Servante écarlate », vient de publier ses Mémoires, sous le titre « Le Livre des vies ». Elle s’est confiée au « Monde des livres », avant de fêter, ce soir mardi 18 novembre, ses 86 ans au Théâtre de la Ville, à Paris.",fr,2025-11-18 18:00:05.000000,Flux RSS Multi-Sources,3,Données Opérationnelles,2025-11-18 22:27:31.006977,rss,,,,,,,,,pending,,,"[""0.0020747688614240795"", ""0.0071748897108262445"", ""0.007672965118671909"", ""0.014389202303302871"", ""0.014389202303302871"", ""0.019943734631056753"", ""0.04739147315355362"", ""0.05445383620746992"", ""0.06216845928449582"", ""0.07022526316306506""]","[{""text"": ""La Servante"", ""label"": ""MISC"", ""start"": 46, ""end"": 57}, {""text"": ""Mémoires"", ""label"": ""MISC"", ""start"": 91, ""end"": 99}, {""text"": ""Le Livre des vies »"", ""label"": ""MISC"", ""start"": 117, ""end"": 136}, {""text"": ""Monde"", ""label"": ""ORG"", ""start"": 162, ""end"": 167}, {""text"": ""Théâtre de la Ville"", ""label"": ""LOC"", ""start"": 239, ""end"": 258}, {""text"": ""Paris"", ""label"": ""LOC"", ""start"": 262, ""end"": 267}]",neutre,0.1,"Keywords: 0.0020747688614240795, 0.0071748897108262445, 0.007672965118671909, 0.014389202303302871, 0.014389202303302871 | Entities: La Servante (MISC), Mémoires (MISC), Le Livre des vies » (MISC), Monde (ORG), Théâtre de la Ville (LOC)"
68,"« Ma mère m’a portée sur son dos, sous les tirs des bandits » : à Haïti, les alentours de Port-au-Prince assaillis par les gangs","Haïti compte 1,4 million de déplacés, victimes des bandes criminelles qui contrôlent une grande partie de l’agglomération de la capitale. Ces derniers mois, les forces de l’ordre et des milices d’autodéfense semblent néanmoins avoir réussi à endiguer leur avancée.",fr,2025-11-18 18:00:04.000000,Flux RSS Multi-Sources,3,Données Opérationnelles,2025-11-18 22:27:31.006977,rss,,,,,,,,,pending,,,"[""0.008025058930468495"", ""0.008025058930468495"", ""0.011154056927717123"", ""0.01552184797949213"", ""0.01552184797949213"", ""0.01552184797949213"", ""0.01552184797949213"", ""0.01552184797949213"", ""0.04761981136383764"", ""0.08922538916412363""]","[{""text"": ""Haïti"", ""label"": ""LOC"", ""start"": 0, ""end"": 5}]",neutre,0.1,"Keywords: 0.008025058930468495, 0.008025058930468495, 0.011154056927717123, 0.01552184797949213, 0.01552184797949213 | Entities: Haïti (LOC)"
47,Perrier peut continuer à vendre sa production sous le label « eau minérale naturelle »,"Le tribunal de Nanterre a rejeté les demandes de l’UFC Que Choisir visant à suspendre les ventes de Perrier sous l’appellation « eau minérale naturelle », « l’existence d’un risque sanitaire pour le consommateur », n’étant « nullement établie »",fr,2025-11-18 17:49:45.000000,Flux RSS Multi-Sources,3,Données Opérationnelles,2025-11-18 22:27:31.006977,rss,,,,,,,,,pending,,,"[""0.0007033879598307785"", ""0.0010606143890052177"", ""0.0016012214736657916"", ""0.005157590407455398"", ""0.005987543063120938"", ""0.007743432063478832"", ""0.007743432063478832"", ""0.007743432063478832"", ""0.007743432063478832"", ""0.007743432063478832""]","[{""text"": ""tribunal de Nanterre"", ""label"": ""MISC"", ""start"": 3, ""end"": 23}, {""text"": ""UFC Que Choisir"", ""label"": ""ORG"", ""start"": 51, ""end"": 66}, {""text"": ""Perrier"", ""label"": ""LOC"", ""start"": 100, ""end"": 107}]",neutre,0.1,"Keywords: 0.0007033879598307785, 0.0010606143890052177, 0.0016012214736657916, 0.005157590407455398, 0.005987543063120938 | Entities: tribunal de Nanterre (MISC), UFC Que Choisir (ORG), Perrier (LOC)"
54,"Charlotte Cardin, Théodora, Shay… L'« Equal Festival » veut rebattre les cartes pour les artistes féminines",Un festival parisien propose ce mardi une programmation 100 % féminine en faveur d’une industrie plus égalitaire,fr,2025-11-18 17:30:09.000000,Flux RSS Multi-Sources,3,Données Opérationnelles,2025-11-18 22:27:31.006977,rss,,,,,,,,,pending,,,"[""0.03339840940482845"", ""0.03339840940482845"", ""0.04940384002065631"", ""0.04940384002065631"", ""0.04940384002065631"", ""0.09700399286574239"", ""0.09700399286574239"", ""0.09700399286574239"", ""0.09700399286574239"", ""0.09700399286574239""]",[],neutre,0.1,"Keywords: 0.03339840940482845, 0.03339840940482845, 0.04940384002065631, 0.04940384002065631, 0.04940384002065631"
26,"Attentats du 13-Novembre : ""la longue bataille judiciaire"" des sinistrés de Saint-Denis après l'assaut du Raid","Dix ans après l'opération policière menée le 18 novembre 2015 pour déloger des terroristes du 13-Novembre, retour sur le combat judiciaire des habitants de la rue de la République à Saint-Denis. ""Je ne peux pas oublier"", témoigne l'un d'entre eux. Une avocate déplore ""une reconnaissance tardive"" pour ces ""oubliés"" des attentats.",fr,2025-11-18 17:25:05.000000,Flux RSS Multi-Sources,3,Données Opérationnelles,2025-11-18 22:27:31.006977,rss,,,,,,,,,pending,,,"[""0.004737258569048452"", ""0.009006135945833575"", ""0.027581485432184485"", ""0.027581485432184485"", ""0.027581485432184485"", ""0.027581485432184485"", ""0.027581485432184485"", ""0.027581485432184485"", ""0.06588837669267192"", ""0.07211547029811402""]","[{""text"": ""rue de la République"", ""label"": ""LOC"", ""start"": 159, ""end"": 179}, {""text"": ""Saint-Denis"", ""label"": ""LOC"", ""start"": 182, ""end"": 193}]",neutre,0.1,"Keywords: 0.004737258569048452, 0.009006135945833575, 0.027581485432184485, 0.027581485432184485, 0.027581485432184485 | Entities: rue de la République (LOC), Saint-Denis (LOC)"
34,"Boualem Sansal de retour en France : ""Il est dans une forme étonnante"", assure son éditeur Antoine Gallimard","L'éditeur de l'écrivain franco-algérien libéré mardi estime que l'isolement ""n'a pas laissé de trace douloureuse"" sur lui.",fr,2025-11-18 17:11:55.000000,Flux RSS Multi-Sources,3,Données Opérationnelles,2025-11-18 22:27:31.006977,rss,,,,,,,,,pending,,,"[""0.0042542192213185686"", ""0.0042542192213185686"", ""0.0042542192213185686"", ""0.015380821171891606"", ""0.015380821171891606"", ""0.015380821171891606"", ""0.02570861714399338"", ""0.02570861714399338"", ""0.02570861714399338"", ""0.02570861714399338""]",[],neutre,0.1,"Keywords: 0.0042542192213185686, 0.0042542192213185686, 0.0042542192213185686, 0.015380821171891606, 0.015380821171891606"
79,"Fraude aux eaux en bouteille : la justice autorise Perrier à rester en rayons, au grand dam des minéraliers « respectueux des règles »","Le tribunal judiciaire de Nanterre a rejeté, mardi, les demandes de l’UFC-Que choisir, qui avait assigné Nestlé afin d’obtenir la suspension de la commercialisation de Perrier pour « tromperie » sur le qualificatif d’eau « minérale naturelle ».",fr,2025-11-18 17:03:23.000000,Flux RSS Multi-Sources,3,Données Opérationnelles,2025-11-18 22:27:31.006977,rss,,,,,,,,,pending,,,"[""0.003917546799371481"", ""0.00470688094720815"", ""0.005484890844946624"", ""0.005484890844946624"", ""0.005484890844946624"", ""0.005484890844946624"", ""0.0065920978564317735"", ""0.0065920978564317735"", ""0.009239332327148086"", ""0.009239332327148086""]","[{""text"": ""Nanterre"", ""label"": ""LOC"", ""start"": 26, ""end"": 34}, {""text"": ""UFC"", ""label"": ""ORG"", ""start"": 70, ""end"": 73}, {""text"": ""Nestlé"", ""label"": ""ORG"", ""start"": 105, ""end"": 111}, {""text"": ""Perrier"", ""label"": ""LOC"", ""start"": 168, ""end"": 175}]",neutre,0.1,"Keywords: 0.003917546799371481, 0.00470688094720815, 0.005484890844946624, 0.005484890844946624, 0.005484890844946624 | Entities: Nanterre (LOC), UFC (ORG), Nestlé (ORG), Perrier (LOC)"
20,"Un homme tué par balle à Marseille, le troisième en plein jour depuis début octobre","Le parquet a fait état d'un mort, âgé de 45 à 50 ans, et d'un blessé dans les quartiers Nord de la cité phocéenne.",fr,2025-11-18 17:01:54.000000,Flux RSS Multi-Sources,3,Données Opérationnelles,2025-11-18 22:27:31.006977,rss,,,,,,,,,pending,,,"[""0.00547662532111528"", ""0.01669088399487682"", ""0.019943439662486344"", ""0.028850471065862877"", ""0.04816043877099025"", ""0.04816043877099025"", ""0.051687907611449965"", ""0.09171648669640385"", ""0.10923981997294611"", ""0.10923981997294611""]","[{""text"": ""Nord"", ""label"": ""LOC"", ""start"": 88, ""end"": 92}]",neutre,0.1,"Keywords: 0.00547662532111528, 0.01669088399487682, 0.019943439662486344, 0.028850471065862877, 0.04816043877099025 | Entities: Nord (LOC)"
65,"En Russie, l’ancienne élite libérale se rapproche du discours anti-européen du Kremlin","Réduits au silence depuis le début de la guerre en Ukraine, les ex-libéraux russes ont durci leur discours depuis l’échec des négociations en vue d’un cessez-le-feu en Ukraine. Naguère critiques du Kremlin, ils en veulent désormais avant tout à l’Europe, accusée d’être responsable de la poursuite de la guerre.",fr,2025-11-18 17:00:01.000000,Flux RSS Multi-Sources,3,Données Opérationnelles,2025-11-18 22:27:31.006977,rss,,,,,,,,,pending,,,"[""0.015900576579929524"", ""0.015900576579929524"", ""0.02049679129336883"", ""0.02184204047722661"", ""0.022001654285363097"", ""0.022001654285363097"", ""0.022001654285363097"", ""0.022001654285363097"", ""0.022001654285363097"", ""0.022001654285363097""]","[{""text"": ""Ukraine"", ""label"": ""LOC"", ""start"": 51, ""end"": 58}, {""text"": ""Ukraine"", ""label"": ""LOC"", ""start"": 168, ""end"": 175}, {""text"": ""Kremlin"", ""label"": ""LOC"", ""start"": 198, ""end"": 205}, {""text"": ""l’Europe"", ""label"": ""LOC"", ""start"": 245, ""end"": 253}]",negative,0.021,"Keywords: 0.015900576579929524, 0.015900576579929524, 0.02049679129336883, 0.02184204047722661, 0.022001654285363097 | Entities: Ukraine (LOC), Ukraine (LOC), Kremlin (LOC), l’Europe (LOC)"
25,"""On a un peu toujours les mêmes profils"" : ce maire du Nord tente de convaincre des jeunes de s'inscrire sur sa liste pour les municipales","La jeunesse, sous-représentée aux élections municipales, est un enjeu pour 2026. Le maire de Capinghem dans le Nord a trouvé une solution pour y remédier.",fr,2025-11-18 16:50:51.000000,Flux RSS Multi-Sources,3,Données Opérationnelles,2025-11-18 22:27:31.006977,rss,,,,,,,,,pending,,,"[""0.02541909697430123"", ""0.02541909697430123"", ""0.12363091320521931"", ""0.12363091320521931"", ""0.12363091320521931"", ""0.14487691114143314"", ""0.14487691114143314"", ""0.2005079697193566"", ""0.2005079697193566"", ""0.2718250226855089""]","[{""text"": ""Capinghem"", ""label"": ""LOC"", ""start"": 93, ""end"": 102}, {""text"": ""Nord"", ""label"": ""LOC"", ""start"": 111, ""end"": 115}]",neutre,0.1,"Keywords: 0.02541909697430123, 0.02541909697430123, 0.12363091320521931, 0.12363091320521931, 0.12363091320521931 | Entities: Capinghem (LOC), Nord (LOC)"
24,"Au Kirghizstan, une cité engloutie découverte dans un célèbre lac","La ville a été submergée au XVe siècle dans les eaux de l'Issyk-Koul, un lac situé dans le nord-est de cet ancien pays du bloc soviétique, frontalier de la Chine et du Kazakhstan.",fr,2025-11-18 16:41:04.000000,Flux RSS Multi-Sources,3,Données Opérationnelles,2025-11-18 22:27:31.006977,rss,,,,,,,,,pending,,,"[""0.00899321792126428"", ""0.013527995261974615"", ""0.013527995261974615"", ""0.013527995261974615"", ""0.013527995261974615"", ""0.013527995261974615"", ""0.04776309965539685"", ""0.06650965107397505"", ""0.0771485953923296"", ""0.0771485953923296""]","[{""text"": ""Issyk-Koul"", ""label"": ""LOC"", ""start"": 58, ""end"": 68}, {""text"": ""Chine"", ""label"": ""LOC"", ""start"": 156, ""end"": 161}, {""text"": ""Kazakhstan"", ""label"": ""LOC"", ""start"": 168, ""end"": 178}]",neutre,0.1,"Keywords: 0.00899321792126428, 0.013527995261974615, 0.013527995261974615, 0.013527995261974615, 0.013527995261974615 | Entities: Issyk-Koul (LOC), Chine (LOC), Kazakhstan (LOC)"
19,"TikTok, Snapchat, Instagram… Trois questions sur l'interdiction des réseaux sociaux aux moins de 15 ans","Selon les informations de franceinfo, le groupe macroniste à l'Assemblée nationale, Ensemble Pour la République, dépose mardi une proposition de loi pour encadrer l'utilisation des réseaux sociaux par les mineurs.",fr,2025-11-18 16:38:03.000000,Flux RSS Multi-Sources,3,Données Opérationnelles,2025-11-18 22:27:31.006977,rss,,,,,,,,,pending,,,"[""0.015380821171891606"", ""0.015380821171891606"", ""0.015380821171891606"", ""0.02570861714399338"", ""0.02570861714399338"", ""0.02570861714399338"", ""0.02570861714399338"", ""0.02570861714399338"", ""0.02570861714399338"", ""0.02570861714399338""]","[{""text"": ""franceinfo"", ""label"": ""ORG"", ""start"": 26, ""end"": 36}, {""text"": ""Assemblée nationale"", ""label"": ""ORG"", ""start"": 63, ""end"": 82}, {""text"": ""Ensemble Pour la République"", ""label"": ""ORG"", ""start"": 84, ""end"": 111}]",neutre,0.1,"Keywords: 0.015380821171891606, 0.015380821171891606, 0.015380821171891606, 0.02570861714399338, 0.02570861714399338 | Entities: franceinfo (ORG), Assemblée nationale (ORG), Ensemble Pour la République (ORG)"
52,"Mais au fait, comment sont financés les Restos du cœur ?","Alors que le lancement de la 41e campagne des Restos du cœur, fondée par Coluche, a lieu ce mardi, on vous explique comment est financée l’association. S’il y a des dons de particuliers, d’entreprises, il y a aussi une part de subventions publiques",fr,2025-11-18 16:37:16.000000,Flux RSS Multi-Sources,3,Données Opérationnelles,2025-11-18 22:27:31.006977,rss,,,,,,,,,pending,,,"[""0.00561955076575256"", ""0.007701730664586866"", ""0.007701730664586866"", ""0.015099935621315529"", ""0.015099935621315529"", ""0.05572221155747183"", ""0.07621084492189614"", ""0.10028582371075691"", ""0.10028582371075691"", ""0.10028582371075691""]","[{""text"": ""Restos du cœur"", ""label"": ""MISC"", ""start"": 46, ""end"": 60}, {""text"": ""Coluche"", ""label"": ""PER"", ""start"": 73, ""end"": 80}]",neutre,0.1,"Keywords: 0.00561955076575256, 0.007701730664586866, 0.007701730664586866, 0.015099935621315529, 0.015099935621315529 | Entities: Restos du cœur (MISC), Coluche (PER)"
49,Budget : Environ 10 milliards d’euros de TVA en moins que prévu… Pourquoi Bercy se plante dans ses prévisions ?,"Pour la troisième année consécutive, Bercy a surestimé les recettes de TVA. Une erreur qui devrait peser environ 10 milliards d’euros dans les comptes publics. Mais pourquoi le ministère de l’Economie se trompe si souvent dans ses calculs ?",fr,2025-11-18 16:13:30.000000,Flux RSS Multi-Sources,3,Données Opérationnelles,2025-11-18 22:27:31.006977,rss,,,,,,,,,pending,,,"[""0.015530258124008545"", ""0.015530258124008545"", ""0.03107735477427921"", ""0.050888965170882816"", ""0.06949481646017519"", ""0.06949481646017519"", ""0.13696809108329627"", ""0.21339268578732606"", ""0.21339268578732606"", ""0.2200560909321288""]","[{""text"": ""Bercy"", ""label"": ""LOC"", ""start"": 37, ""end"": 42}, {""text"": ""TVA"", ""label"": ""ORG"", ""start"": 71, ""end"": 74}]",neutre,0.1,"Keywords: 0.015530258124008545, 0.015530258124008545, 0.03107735477427921, 0.050888965170882816, 0.06949481646017519 | Entities: Bercy (LOC), TVA (ORG)"
9,"En près de vingt ans, les écarts se sont creusés entre les foyers à très hauts revenus et les autres, selon l'Insee","L'Institut national de la statistique publie mardi son étude annuelle ""Portrait social de la France"" et propose de plonger, cette année, dans les finances de ces Français disposant des plus hauts revenus et du patrimoine le plus conséquent.",fr,2025-11-18 16:05:57.000000,Flux RSS Multi-Sources,3,Données Opérationnelles,2025-11-18 22:27:31.006977,rss,,,,,,,,,pending,,,"[""0.0008990471097494833"", ""0.004156274195678376"", ""0.005484890844946624"", ""0.0065920978564317735"", ""0.0065920978564317735"", ""0.0065920978564317735"", ""0.009239332327148086"", ""0.009239332327148086"", ""0.009239332327148086"", ""0.009239332327148086""]","[{""text"": ""Institut national de la statistique"", ""label"": ""LOC"", ""start"": 2, ""end"": 37}, {""text"": ""la France"", ""label"": ""LOC"", ""start"": 90, ""end"": 99}, {""text"": ""Français"", ""label"": ""LOC"", ""start"": 162, ""end"": 170}]",neutre,0.1,"Keywords: 0.0008990471097494833, 0.004156274195678376, 0.005484890844946624, 0.0065920978564317735, 0.0065920978564317735 | Entities: Institut national de la statistique (LOC), la France (LOC), Français (LOC)"
59,Narcotrafic : Sébastien Lecornu veut s’inspirer de la lutte « contre le terrorisme »,Le Premier ministre Sébastien Lecornu a appelé à une « unité nationale » contre le narcotrafic et à s’inspirer du modèle de lutte contre le terrorisme. Ces déclarations sont intervenues en réaction à l’assassinat de Mehdi Kessaci à Marseille,fr,2025-11-18 15:43:34.000000,Flux RSS Multi-Sources,3,Données Opérationnelles,2025-11-18 22:27:31.006977,rss,,,,,,,,,pending,,,"[""0.000547423531150457"", ""0.0043602070549573334"", ""0.008025058930468495"", ""0.008212739846353857"", ""0.008212739846353857"", ""0.01552184797949213"", ""0.01552184797949213"", ""0.03178081083329911"", ""0.040278556425967886"", ""0.06588837669267192""]","[{""text"": ""Sébastien Lecornu"", ""label"": ""PER"", ""start"": 20, ""end"": 37}, {""text"": ""Mehdi Kessaci"", ""label"": ""PER"", ""start"": 216, ""end"": 229}, {""text"": ""Marseille"", ""label"": ""LOC"", ""start"": 232, ""end"": 241}]",neutre,0.1,"Keywords: 0.000547423531150457, 0.0043602070549573334, 0.008025058930468495, 0.008212739846353857, 0.008212739846353857 | Entities: Sébastien Lecornu (PER), Mehdi Kessaci (PER), Marseille (LOC)"
76,Narcotrafic : le gouvernement dénonce un « point de bascule » dans la violence des « mafias marseillaises »,"Après l’assassinat, jeudi à Marseille, de Mehdi Kessaci, le jeune frère d’un militant écologiste engagé dans la lutte contre le trafic de drogue, les ministres, hauts magistrats et directeurs policiers concernés se sont retrouvés, mardi matin à l’Elysée, pour mettre l’accent sur le combat contre le crime organisé.",fr,2025-11-18 15:43:07.000000,Flux RSS Multi-Sources,3,Données Opérationnelles,2025-11-18 22:27:31.006977,rss,,,,,,,,,pending,,,"[""0.0008990471097494833"", ""0.0008990471097494833"", ""0.0008990471097494833"", ""0.0008990471097494833"", ""0.0008990471097494833"", ""0.0024724148017484047"", ""0.0029697125296364625"", ""0.0065920978564317735"", ""0.0065920978564317735"", ""0.0065920978564317735""]","[{""text"": ""Marseille"", ""label"": ""LOC"", ""start"": 28, ""end"": 37}, {""text"": ""Mehdi Kessaci"", ""label"": ""PER"", ""start"": 42, ""end"": 55}, {""text"": ""l’Elysée"", ""label"": ""LOC"", ""start"": 245, ""end"": 253}]",neutre,0.1,"Keywords: 0.0008990471097494833, 0.0008990471097494833, 0.0008990471097494833, 0.0008990471097494833, 0.0008990471097494833 | Entities: Marseille (LOC), Mehdi Kessaci (PER), l’Elysée (LOC)"
48,Marseille : Un homme tué par balles dans le 13e arrondissement,L’homme a été blessé par arme à feu en début d’après-midi dans le 13e arrondissement de Marseille. Il n’a pas survécu,fr,2025-11-18 15:11:03.000000,Flux RSS Multi-Sources,3,Données Opérationnelles,2025-11-18 22:27:31.006977,rss,,,,,,,,,pending,,,"[""0.01984585111858601"", ""0.09705179139403544"", ""0.1495930091794576"", ""0.1495930091794576"", ""0.1495930091794576"", ""0.1495930091794576"", ""0.2005079697193566"", ""0.2005079697193566"", ""0.36073110501666333"", ""0.36073110501666333""]","[{""text"": ""Marseille"", ""label"": ""LOC"", ""start"": 88, ""end"": 97}]",neutre,0.1,"Keywords: 0.01984585111858601, 0.09705179139403544, 0.1495930091794576, 0.1495930091794576, 0.1495930091794576 | Entities: Marseille (LOC)"
56,Equipe de France : Où était donc Kylian Mbappé durant la victoire des Bleus en Azerbaïdjan ?,"Grand absent du dernier match de l’équipe de France à Bakou dimanche (1-3), officiellement pour « une inflammation à sa cheville », le capitaine des Bleus n’est pas en soins à Madrid mais bien à Dubaï depuis samedi",fr,2025-11-18 15:10:25.000000,Flux RSS Multi-Sources,3,Données Opérationnelles,2025-11-18 22:27:31.006977,rss,,,,,,,,,pending,,,"[""0.0032610119837787367"", ""0.003917546799371481"", ""0.003917546799371481"", ""0.005484890844946624"", ""0.005484890844946624"", ""0.005484890844946624"", ""0.005484890844946624"", ""0.0065920978564317735"", ""0.009239332327148086"", ""0.009239332327148086""]","[{""text"": ""de France"", ""label"": ""LOC"", ""start"": 42, ""end"": 51}, {""text"": ""Bakou"", ""label"": ""LOC"", ""start"": 54, ""end"": 59}, {""text"": ""Bleus"", ""label"": ""ORG"", ""start"": 149, ""end"": 154}, {""text"": ""Madrid"", ""label"": ""LOC"", ""start"": 176, ""end"": 182}, {""text"": ""Dubaï"", ""label"": ""LOC"", ""start"": 195, ""end"": 200}]",neutre,0.1,"Keywords: 0.0032610119837787367, 0.003917546799371481, 0.003917546799371481, 0.005484890844946624, 0.005484890844946624 | Entities: de France (LOC), Bakou (LOC), Bleus (ORG), Madrid (LOC), Dubaï (LOC)"
7,"L'écrivain franco-algérien Boualem Sansal est de ""retour en France"", Emmanuel Macron l'a reçu à l'Elysée","L'auteur était soigné ces derniers jours dans un hôpital de Berlin, en Allemagne, après avoir été gracié par le président algérien.",fr,2025-11-18 15:02:48.000000,Flux RSS Multi-Sources,3,Données Opérationnelles,2025-11-18 22:27:31.006977,rss,,,,,,,,,pending,,,"[""0.026233073037508336"", ""0.04940384002065631"", ""0.04940384002065631"", ""0.08596317751626563"", ""0.08596317751626563"", ""0.09700399286574239"", ""0.09700399286574239"", ""0.15831692877998726"", ""0.15831692877998726"", ""0.29736558256021506""]","[{""text"": ""Berlin"", ""label"": ""LOC"", ""start"": 60, ""end"": 66}, {""text"": ""Allemagne"", ""label"": ""LOC"", ""start"": 71, ""end"": 80}]",neutre,0.1,"Keywords: 0.026233073037508336, 0.04940384002065631, 0.04940384002065631, 0.08596317751626563, 0.08596317751626563 | Entities: Berlin (LOC), Allemagne (LOC)"
23,"Un enclos surpeuplé, une soixantaine de bovins morts... L'interminable périple en bateau de près de 3 000 vaches entre l'Uruguay et la Turquie","Ces animaux, qui devaient être vendus, n'ont pas foulé la terre ferme depuis deux mois, après le refus de débarquement des autorités turques. Ils sont donc repartis en direction de l'Amérique du Sud.",fr,2025-11-18 14:29:20.000000,Flux RSS Multi-Sources,3,Données Opérationnelles,2025-11-18 22:27:31.006977,rss,,,,,,,,,pending,,,"[""0.02541909697430123"", ""0.02541909697430123"", ""0.02541909697430123"", ""0.04188746641162499"", ""0.04188746641162499"", ""0.04188746641162499"", ""0.04188746641162499"", ""0.10084113441901119"", ""0.12363091320521931"", ""0.12363091320521931""]","[{""text"": ""Amérique du Sud"", ""label"": ""LOC"", ""start"": 183, ""end"": 198}]",neutre,0.1,"Keywords: 0.02541909697430123, 0.02541909697430123, 0.02541909697430123, 0.04188746641162499, 0.04188746641162499 | Entities: Amérique du Sud (LOC)"
50,"X, ChatGPT, Ikea, Doctissimo… Des milliers de sites inaccessibles en raison d’une panne de Cloudflare","Cloudflare sert de protection à environ 20 % des sites Internet à travers le monde. Sa panne entraîne des conséquences majeures pour des milliers de sites et d’applis, comme X, ChatGPT, Ikea ou Doctissimo",fr,2025-11-18 14:29:02.000000,Flux RSS Multi-Sources,3,Données Opérationnelles,2025-11-18 22:27:31.006977,rss,,,,,,,,,pending,,,"[""0.01418240914697812"", ""0.02034643494517978"", ""0.02034643494517978"", ""0.02741721913780704"", ""0.030120061121783785"", ""0.03448219568345786"", ""0.08178053261927264"", ""0.11661560528786064"", ""0.11661560528786064"", ""0.1631535894223403""]","[{""text"": ""Cloudflare"", ""label"": ""PER"", ""start"": 0, ""end"": 10}, {""text"": ""Internet"", ""label"": ""MISC"", ""start"": 55, ""end"": 63}, {""text"": ""X"", ""label"": ""MISC"", ""start"": 174, ""end"": 175}, {""text"": ""ChatGPT"", ""label"": ""MISC"", ""start"": 177, ""end"": 184}, {""text"": ""Ikea"", ""label"": ""ORG"", ""start"": 186, ""end"": 190}, {""text"": ""Doctissimo"", ""label"": ""ORG"", ""start"": 194, ""end"": 204}]",neutre,0.1,"Keywords: 0.01418240914697812, 0.02034643494517978, 0.02034643494517978, 0.02741721913780704, 0.030120061121783785 | Entities: Cloudflare (PER), Internet (MISC), X (MISC), ChatGPT (MISC), Ikea (ORG)"
46,Bretagne : Un magistrat retraité tué chez lui par arme blanche,"En retraite depuis quelques mois, un ancien procureur a été retrouvé mort à son domicile de Quimper. L’hypothèse de l’intervention d’un tiers « est privilégiée »",fr,2025-11-18 14:03:55.000000,Flux RSS Multi-Sources,3,Données Opérationnelles,2025-11-18 22:27:31.006977,rss,,,,,,,,,pending,,,"[""0.013388015649928907"", ""0.04188746641162499"", ""0.04188746641162499"", ""0.06588837669267192"", ""0.11501181900411048"", ""0.18075564686791562"", ""0.18075564686791562"", ""0.2005079697193566"", ""0.2005079697193566"", ""0.2005079697193566""]","[{""text"": ""Quimper"", ""label"": ""LOC"", ""start"": 92, ""end"": 99}]",neutre,0.1,"Keywords: 0.013388015649928907, 0.04188746641162499, 0.04188746641162499, 0.06588837669267192, 0.11501181900411048 | Entities: Quimper (LOC)"
61,Ardèche : Le corps du septuagénaire emporté par une crue dimanche a été retrouvé,"Au troisième jour des recherches, le corps de l’homme de 76 ans emporté par une rivière en crue a été retrouvé sur les rives du Lavezon en Ardèche",fr,2025-11-18 13:53:49.000000,Flux RSS Multi-Sources,3,Données Opérationnelles,2025-11-18 22:27:31.006977,rss,,,,,,,,,pending,,,"[""0.004925103769790319"", ""0.013797198203993007"", ""0.015380821171891606"", ""0.015380821171891606"", ""0.02570861714399338"", ""0.02570861714399338"", ""0.057012387690331526"", ""0.08596317751626563"", ""0.09568045026443411"", ""0.09568045026443411""]","[{""text"": ""Lavezon"", ""label"": ""LOC"", ""start"": 128, ""end"": 135}, {""text"": ""Ardèche"", ""label"": ""LOC"", ""start"": 139, ""end"": 146}]",neutre,0.1,"Keywords: 0.004925103769790319, 0.013797198203993007, 0.015380821171891606, 0.015380821171891606, 0.02570861714399338 | Entities: Lavezon (LOC), Ardèche (LOC)"
55,Boualem Sansal est de retour en France et a été reçu par Emmanuel Macron,"L’écrivain franco-algérien Boualem Sansal, qui se trouvait en Allemagne depuis sa libération de prison en Algérie mercredi, est de « retour en France » mardi",fr,2025-11-18 13:36:48.000000,Flux RSS Multi-Sources,3,Données Opérationnelles,2025-11-18 22:27:31.006977,rss,,,,,,,,,pending,,,"[""0.0003728414215726821"", ""0.000605237666088421"", ""0.003186830720042235"", ""0.0036984844327355177"", ""0.005157590407455398"", ""0.007743432063478832"", ""0.007743432063478832"", ""0.007743432063478832"", ""0.00899321792126428"", ""0.013527995261974615""]","[{""text"": ""Boualem Sansal"", ""label"": ""PER"", ""start"": 27, ""end"": 41}, {""text"": ""Allemagne"", ""label"": ""LOC"", ""start"": 62, ""end"": 71}, {""text"": ""Algérie mercredi"", ""label"": ""MISC"", ""start"": 106, ""end"": 122}, {""text"": ""France"", ""label"": ""LOC"", ""start"": 143, ""end"": 149}]",neutre,0.1,"Keywords: 0.0003728414215726821, 0.000605237666088421, 0.003186830720042235, 0.0036984844327355177, 0.005157590407455398 | Entities: Boualem Sansal (PER), Allemagne (LOC), Algérie mercredi (MISC), France (LOC)"
62,"À Marseille, dans les coulisses de l’opération judiciaire « Regain », qui a permis de saisir près de 8 millions d’euros",L’opération « Regain » menée durant la première quinzaine de novembre a réuni plusieurs acteurs locaux de la lutte contre la délinquance et permis de saisir près de 8 millions d’euros d’avoirs criminels,fr,2025-11-18 13:34:43.000000,Flux RSS Multi-Sources,3,Données Opérationnelles,2025-11-18 22:27:31.006977,rss,,,,,,,,,pending,,,"[""0.0006400448072512631"", ""0.0006400448072512632"", ""0.0065920978564317735"", ""0.0065920978564317735"", ""0.009239332327148086"", ""0.009239332327148086"", ""0.009239332327148086"", ""0.009239332327148086"", ""0.009239332327148086"", ""0.009239332327148086""]","[{""text"": ""Regain"", ""label"": ""ORG"", ""start"": 14, ""end"": 20}]",neutre,0.1,"Keywords: 0.0006400448072512631, 0.0006400448072512632, 0.0065920978564317735, 0.0065920978564317735, 0.009239332327148086 | Entities: Regain (ORG)"
38,"D'« Intervilles » à « Ça se discute », le « revival » à la télévision vu par quatre animateurs et animatrices","Isabelle Ithurburu, Estelle Denis, Bruno Guillon et Eric Jean-Jean, qui ont repris ou vont reprendre des émissions cultes, témoignent de la tendance « revival » de la télévision",fr,2025-11-18 13:25:29.000000,Flux RSS Multi-Sources,3,Données Opérationnelles,2025-11-18 22:27:31.006977,rss,,,,,,,,,pending,,,"[""0.0032610119837787367"", ""0.004925103769790319"", ""0.005484890844946624"", ""0.007444681613352736"", ""0.008293207122436794"", ""0.015380821171891606"", ""0.02570861714399338"", ""0.04491197687864554"", ""0.057012387690331526"", ""0.057012387690331526""]","[{""text"": ""Isabelle Ithurburu"", ""label"": ""PER"", ""start"": 0, ""end"": 18}, {""text"": ""Estelle Denis"", ""label"": ""PER"", ""start"": 20, ""end"": 33}, {""text"": ""Bruno Guillon"", ""label"": ""PER"", ""start"": 35, ""end"": 48}, {""text"": ""Eric Jean-Jean"", ""label"": ""PER"", ""start"": 52, ""end"": 66}]",neutre,0.1,"Keywords: 0.0032610119837787367, 0.004925103769790319, 0.005484890844946624, 0.007444681613352736, 0.008293207122436794 | Entities: Isabelle Ithurburu (PER), Estelle Denis (PER), Bruno Guillon (PER), Eric Jean-Jean (PER)"
57,« Le parti socialiste a voté les pleins pouvoirs au maréchal Pétain en 1940 » : Le raccourci de Jordan Bardella,Le président du Rassemblement national a lancé que « le parti socialiste est la chambre parlementaire qui a voté les pleins pouvoirs au maréchal Pétain en 1940 ». Une accusation qui demande à être remise en perspective,fr,2025-11-18 12:46:26.000000,Flux RSS Multi-Sources,3,Données Opérationnelles,2025-11-18 22:27:31.006977,rss,,,,,,,,,pending,,,"[""0.01984585111858601"", ""0.01984585111858601"", ""0.01984585111858601"", ""0.04188746641162499"", ""0.04188746641162499"", ""0.04188746641162499"", ""0.04188746641162499"", ""0.09705179139403544"", ""0.09705179139403544"", ""0.18075564686791562""]","[{""text"": ""Rassemblement national"", ""label"": ""ORG"", ""start"": 16, ""end"": 38}, {""text"": ""maréchal Pétain"", ""label"": ""PER"", ""start"": 136, ""end"": 151}]",neutre,0.1,"Keywords: 0.01984585111858601, 0.01984585111858601, 0.01984585111858601, 0.04188746641162499, 0.04188746641162499 | Entities: Rassemblement national (ORG), maréchal Pétain (PER)"
77,"Boualem Sansal, de retour en France, a été reçu par Emmanuel Macron",L’écrivain avait été condamné à cinq ans de prison pour « atteinte à l’unité nationale » à la suite de propos tenus en octobre 2024 au média français d’extrême droite « Frontières ». Il a été gracié et libéré par le régime algérien le 12 novembre.,fr,2025-11-18 12:41:10.000000,Flux RSS Multi-Sources,3,Données Opérationnelles,2025-11-18 22:27:31.006977,rss,,,,,,,,,pending,,,"[""0.0023160866321010193"", ""0.003469853724036919"", ""0.015099935621315529"", ""0.015099935621315529"", ""0.015099935621315529"", ""0.015099935621315529"", ""0.02249651976012989"", ""0.02249651976012989"", ""0.02249651976012989"", ""0.02249651976012989""]","[{""text"": ""Frontières"", ""label"": ""LOC"", ""start"": 169, ""end"": 179}]",neutre,0.1,"Keywords: 0.0023160866321010193, 0.003469853724036919, 0.015099935621315529, 0.015099935621315529, 0.015099935621315529 | Entities: Frontières (LOC)"
30,"Assassinat de Mehdi Kessaci à Marseille : Laurent Nuñez dénonce ""un crime d'intimidation"" et évoque un ""point de bascule"" chez les narcotrafiquants","Le président de la République a convoqué une réunion, mardi à l'Elysée, entre les ministres du gouvernement concernés et les acteurs de la lutte contre le narcotrafic.",fr,2025-11-18 12:16:31.000000,Flux RSS Multi-Sources,3,Données Opérationnelles,2025-11-18 22:27:31.006977,rss,,,,,,,,,pending,,,"[""0.009239332327148086"", ""0.013797198203993007"", ""0.015380821171891606"", ""0.02570861714399338"", ""0.02570861714399338"", ""0.08596317751626563"", ""0.09568045026443411"", ""0.09568045026443411"", ""0.09568045026443411"", ""0.09568045026443411""]","[{""text"": ""président de la République"", ""label"": ""PER"", ""start"": 3, ""end"": 29}, {""text"": ""l'Elysée"", ""label"": ""LOC"", ""start"": 62, ""end"": 70}]",neutre,0.1,"Keywords: 0.009239332327148086, 0.013797198203993007, 0.015380821171891606, 0.02570861714399338, 0.02570861714399338 | Entities: président de la République (PER), l'Elysée (LOC)"
63,« Il avait la larme à l’œil »… Ces Bretons qui envoient des filets de pêche en Ukraine ont rencontré Zelensky,"Le président ukrainien, de passage à Paris lundi, a reçu des bénévoles qui distribuent des filets de pêche pour protéger les Ukrainiens des attaques de drones",fr,2025-11-18 11:56:01.000000,Flux RSS Multi-Sources,3,Données Opérationnelles,2025-11-18 22:27:31.006977,rss,,,,,,,,,pending,,,"[""0.006261136014805848"", ""0.00935292919462006"", ""0.01152406736086625"", ""0.015466705096175164"", ""0.01725930885760724"", ""0.01725930885760724"", ""0.01725930885760724"", ""0.01725930885760724"", ""0.01725930885760724"", ""0.038030450269414325""]","[{""text"": ""Paris"", ""label"": ""LOC"", ""start"": 37, ""end"": 42}, {""text"": ""Ukrainiens"", ""label"": ""LOC"", ""start"": 125, ""end"": 135}]",neutre,0.1,"Keywords: 0.006261136014805848, 0.00935292919462006, 0.01152406736086625, 0.015466705096175164, 0.01725930885760724 | Entities: Paris (LOC), Ukrainiens (LOC)"
60,Guerre en Ukraine : « Le char réalise encore beaucoup de choses que ne peut pas faire le drone »,"Avec plus de 5.000 chars détruits depuis le début du conflit, la guerre en Ukraine a été très consommatrice de blindés. Ils sont devenus vulnérables - mais pas obsolètes - face aux drones, pointe une étude de l’Ifri",fr,2025-11-18 11:07:40.000000,Flux RSS Multi-Sources,3,Données Opérationnelles,2025-11-18 22:27:31.006977,rss,,,,,,,,,pending,,,"[""0.01143354430345338"", ""0.015099935621315529"", ""0.015099935621315529"", ""0.015099935621315529"", ""0.07621084492189614"", ""0.08446611338711053"", ""0.10028582371075691"", ""0.10028582371075691"", ""0.10028582371075691"", ""0.11755105063023073""]","[{""text"": ""Ukraine"", ""label"": ""LOC"", ""start"": 75, ""end"": 82}, {""text"": ""Ifri"", ""label"": ""LOC"", ""start"": 211, ""end"": 215}]",neutre,0.1,"Keywords: 0.01143354430345338, 0.015099935621315529, 0.015099935621315529, 0.015099935621315529, 0.07621084492189614 | Entities: Ukraine (LOC), Ifri (LOC)"
58,C’est quoi cette déclaration de beau-parentalité que les notaires veulent faire adopter ?,"Alors qu’un enfant sur dix vit dans une famille recomposée en France, les beaux-parents sont considérés comme des tiers. A l’issue du Congrès des notaires, une « déclaration de beau-parentalité » a été proposée. Son président en explique les contours",fr,2025-11-18 11:05:15.000000,Flux RSS Multi-Sources,3,Données Opérationnelles,2025-11-18 22:27:31.006977,rss,,,,,,,,,pending,,,"[""0.0073324509242396925"", ""0.015530258124008545"", ""0.03107735477427921"", ""0.050888965170882816"", ""0.050888965170882816"", ""0.050888965170882816"", ""0.06949481646017519"", ""0.11118360067254619"", ""0.13696809108329627"", ""0.13696809108329627""]","[{""text"": ""France"", ""label"": ""LOC"", ""start"": 62, ""end"": 68}, {""text"": ""Congrès des notaires"", ""label"": ""MISC"", ""start"": 134, ""end"": 154}]",neutre,0.1,"Keywords: 0.0073324509242396925, 0.015530258124008545, 0.03107735477427921, 0.050888965170882816, 0.050888965170882816 | Entities: France (LOC), Congrès des notaires (MISC)"
74,"Contre le RN, LR mène l’offensive sur le seul terrain de  l’économie","Les débats sur le projet de loi de finances sont l’occasion pour le parti Les Républicains de présenter le Rassemblement national comme aligné sur la gauche et, ainsi, de tenter de contrer l’offensive libérale lancée par le président du mouvement d’extrême droite, Jordan Bardella.",fr,2025-11-18 11:00:05.000000,Flux RSS Multi-Sources,3,Données Opérationnelles,2025-11-18 22:27:31.006977,rss,,,,,,,,,pending,,,"[""0.00045942001571077094"", ""0.0006133431289448148"", ""0.0006133431289448148"", ""0.00165133706345023"", ""0.004358842248641263"", ""0.004358842248641263"", ""0.004358842248641263"", ""0.004358842248641263"", ""0.005380746843605012"", ""0.00717258304785508""]","[{""text"": ""Républicains"", ""label"": ""ORG"", ""start"": 78, ""end"": 90}, {""text"": ""Rassemblement national"", ""label"": ""ORG"", ""start"": 107, ""end"": 129}, {""text"": ""Jordan Bardella"", ""label"": ""PER"", ""start"": 265, ""end"": 280}]",neutre,0.1,"Keywords: 0.00045942001571077094, 0.0006133431289448148, 0.0006133431289448148, 0.00165133706345023, 0.004358842248641263 | Entities: Républicains (ORG), Rassemblement national (ORG), Jordan Bardella (PER)"
64,"Comment installer la carte Vitale dématérialisée sur votre smartphone, mode d'emploi","Désormais, toutes les personnes disposant d’une carte Vitale pourront en obtenir une version dématérialisée sur leur téléphone portable sans passer par France identité",fr,2025-11-18 10:41:05.000000,Flux RSS Multi-Sources,3,Données Opérationnelles,2025-11-18 22:27:31.006977,rss,,,,,,,,,pending,,,"[""0.015042304599106411"", ""0.015042304599106411"", ""0.023458380875189744"", ""0.03339840940482845"", ""0.04498862876540802"", ""0.04498862876540802"", ""0.04498862876540802"", ""0.09700399286574239"", ""0.09700399286574239"", ""0.09700399286574239""]","[{""text"": ""Vitale"", ""label"": ""LOC"", ""start"": 54, ""end"": 60}, {""text"": ""France"", ""label"": ""LOC"", ""start"": 152, ""end"": 158}]",neutre,0.1,"Keywords: 0.015042304599106411, 0.015042304599106411, 0.023458380875189744, 0.03339840940482845, 0.04498862876540802 | Entities: Vitale (LOC), France (LOC)"
51,Pourquoi les passages piétons sont-ils des patinoires quand il pleut ?,"De manière générale, les marquages à la peinture sur la chaussée se transforment en pièges ultra-glissants pour les usagers de deux-roues comme pour les piétons par temps de pluie",fr,2025-11-18 06:37:36.000000,Flux RSS Multi-Sources,3,Données Opérationnelles,2025-11-18 22:27:31.006977,rss,,,,,,,,,pending,,,"[""0.00899321792126428"", ""0.00899321792126428"", ""0.013527995261974615"", ""0.013527995261974615"", ""0.013527995261974615"", ""0.013527995261974615"", ""0.013527995261974615"", ""0.0771485953923296"", ""0.0771485953923296"", ""0.1155310835876123""]",[],neutre,0.1,"Keywords: 0.00899321792126428, 0.00899321792126428, 0.013527995261974615, 0.013527995261974615, 0.013527995261974615"
53,"Guerre en Ukraine : Accusé d’actes de sabotage, le Kremlin dénonce la « russophobie » de la Pologne",Revivez les informations de ce mardi 18 novembre 2025 concernant le conflit russo-ukrainien,fr,2025-11-18 05:43:18.000000,Flux RSS Multi-Sources,3,Données Opérationnelles,2025-11-18 22:27:31.006977,rss,,,,,,,,,pending,,,"[""0.04491197687864554"", ""0.04940384002065631"", ""0.04940384002065631"", ""0.15831692877998726"", ""0.15831692877998726"", ""0.15831692877998726"", ""0.29736558256021506"", ""0.29736558256021506""]",[],neutre,0.1,"Keywords: 0.04491197687864554, 0.04940384002065631, 0.04940384002065631, 0.15831692877998726, 0.15831692877998726"
80,Doit-on mettre fin aux ruptures conventionnelles ?,"Offrir aux salariés les moyens de se réorienter vers un travail qui leur convient mieux devrait être un objectif de premier plan pour une société avancée et progressiste comme la nôtre, considère Thomas Breda, responsable du programme travail et emploi à l’Institut des politiques publiques, dans sa chronique.",fr,2025-11-18 05:30:07.000000,Flux RSS Multi-Sources,3,Données Opérationnelles,2025-11-18 22:27:31.006977,rss,,,,,,,,,pending,,,"[""0.0005817194480794346"", ""0.005453022517957929"", ""0.005597284804327029"", ""0.009554653335558435"", ""0.018491282433885956"", ""0.018491282433885956"", ""0.018491282433885956"", ""0.030755015531692964"", ""0.030755015531692964"", ""0.030755015531692964""]","[{""text"": ""Thomas Breda"", ""label"": ""PER"", ""start"": 196, ""end"": 208}, {""text"": ""Institut des politiques publiques"", ""label"": ""ORG"", ""start"": 257, ""end"": 290}]",neutre,0.1,"Keywords: 0.0005817194480794346, 0.005453022517957929, 0.005597284804327029, 0.009554653335558435, 0.018491282433885956 | Entities: Thomas Breda (PER), Institut des politiques publiques (ORG)"
44,"EN IMAGES. Miss France 2026 : Pêche, spa et rando… Le programme du voyage de préparation en Martinique","Mi-novembre, les 30 candidates en lice pour le titre de Miss France 2026 se sont rendues en Martinique pour le traditionnel voyage de préparation. Les jeunes femmes ont enchaîné activités sportives et culturelles",fr,2025-11-17 17:45:51.000000,Flux RSS Multi-Sources,3,Données Opérationnelles,2025-11-18 22:27:31.006977,rss,,,,,,,,,pending,,,"[""0.00643573886924208"", ""0.01984585111858601"", ""0.01984585111858601"", ""0.02541909697430123"", ""0.02541909697430123"", ""0.04188746641162499"", ""0.05899937629682816"", ""0.06588837669267192"", ""0.09705179139403544"", ""0.09705179139403544""]","[{""text"": ""Miss France"", ""label"": ""ORG"", ""start"": 56, ""end"": 67}, {""text"": ""Martinique"", ""label"": ""LOC"", ""start"": 92, ""end"": 102}]",neutre,0.1,"Keywords: 0.00643573886924208, 0.01984585111858601, 0.01984585111858601, 0.02541909697430123, 0.02541909697430123 | Entities: Miss France (ORG), Martinique (LOC)"
98,CoviPrev - Santé mentale 2024-10,Taux d'anxiété : 35%,fr,2024-11-01 00:00:00.000000,Santé Publique France - CoviPrev,4,Données Décisionnelles,2025-11-18 22:27:31.006977,csv,,,,,,,,,pending,,,"[""0.02570861714399338"", ""0.15831692877998726"", ""0.15831692877998726""]",[],neutre,0.1,"Keywords: 0.02570861714399338, 0.15831692877998726, 0.15831692877998726"
97,CoviPrev - Santé mentale 2024-08,Taux d'anxiété : 33%,fr,2024-09-01 00:00:00.000000,Santé Publique France - CoviPrev,4,Données Décisionnelles,2025-11-18 22:27:31.006977,csv,,,,,,,,,pending,,,"[""0.02570861714399338"", ""0.15831692877998726"", ""0.15831692877998726""]",[],neutre,0.1,"Keywords: 0.02570861714399338, 0.15831692877998726, 0.15831692877998726"
96,CoviPrev - Santé mentale 2024-06,Taux d'anxiété : 31%,fr,2024-07-01 00:00:00.000000,Santé Publique France - CoviPrev,4,Données Décisionnelles,2025-11-18 22:27:31.006977,csv,,,,,,,,,pending,,,"[""0.02570861714399338"", ""0.15831692877998726"", ""0.15831692877998726""]",[],neutre,0.1,"Keywords: 0.02570861714399338, 0.15831692877998726, 0.15831692877998726"
95,CoviPrev - Santé mentale 2024-04,Taux d'anxiété : 29%,fr,2024-05-01 00:00:00.000000,Santé Publique France - CoviPrev,4,Données Décisionnelles,2025-11-18 22:27:31.006977,csv,,,,,,,,,pending,,,"[""0.02570861714399338"", ""0.15831692877998726"", ""0.15831692877998726""]",[],neutre,0.1,"Keywords: 0.02570861714399338, 0.15831692877998726, 0.15831692877998726"
94,CoviPrev - Santé mentale 2024-02,Taux d'anxiété : 27%,fr,2024-03-01 00:00:00.000000,Santé Publique France - CoviPrev,4,Données Décisionnelles,2025-11-18 22:27:31.006977,csv,,,,,,,,,pending,,,"[""0.02570861714399338"", ""0.15831692877998726"", ""0.15831692877998726""]",[],neutre,0.1,"Keywords: 0.02570861714399338, 0.15831692877998726, 0.15831692877998726"
93,CoviPrev - Santé mentale 2024-00,Taux d'anxiété : 25%,fr,2024-01-01 00:00:00.000000,Santé Publique France - CoviPrev,4,Données Décisionnelles,2025-11-18 22:27:31.006977,csv,,,,,,,,,pending,,,"[""0.02570861714399338"", ""0.15831692877998726"", ""0.15831692877998726""]",[],neutre,0.1,"Keywords: 0.02570861714399338, 0.15831692877998726, 0.15831692877998726"
83,Enquête confiance politique 2024,Taux de confiance dans les institutions : 60%,fr,2024-01-01 00:00:00.000000,CEVIPOF - Baromètre de confiance politique,2,Données Maîtres,2025-11-18 22:27:31.006977,csv,,,,,,,,,pending,,,"[""0.04940384002065631"", ""0.15831692877998726"", ""0.15831692877998726"", ""0.29736558256021506""]",[],neutre,0.1,"Keywords: 0.04940384002065631, 0.15831692877998726, 0.15831692877998726, 0.29736558256021506"
84,Enquête confiance politique 2023,Taux de confiance dans les institutions : 58%,fr,2023-01-01 00:00:00.000000,CEVIPOF - Baromètre de confiance politique,2,Données Maîtres,2025-11-18 22:27:31.006977,csv,,,,,,,,,pending,,,"[""0.04940384002065631"", ""0.15831692877998726"", ""0.15831692877998726"", ""0.29736558256021506""]",[],neutre,0.1,"Keywords: 0.04940384002065631, 0.15831692877998726, 0.15831692877998726, 0.29736558256021506"
85,Enquête confiance politique 2022,Taux de confiance dans les institutions : 56%,fr,2022-01-01 00:00:00.000000,CEVIPOF - Baromètre de confiance politique,2,Données Maîtres,2025-11-18 22:27:31.006977,csv,,,,,,,,,pending,,,"[""0.04940384002065631"", ""0.15831692877998726"", ""0.15831692877998726"", ""0.29736558256021506""]",[],neutre,0.1,"Keywords: 0.04940384002065631, 0.15831692877998726, 0.15831692877998726, 0.29736558256021506"
86,Enquête confiance politique 2021,Taux de confiance dans les institutions : 54%,fr,2021-01-01 00:00:00.000000,CEVIPOF - Baromètre de confiance politique,2,Données Maîtres,2025-11-18 22:27:31.006977,csv,,,,,,,,,pending,,,"[""0.04940384002065631"", ""0.15831692877998726"", ""0.15831692877998726"", ""0.29736558256021506""]",[],neutre,0.1,"Keywords: 0.04940384002065631, 0.15831692877998726, 0.15831692877998726, 0.29736558256021506"
87,Enquête confiance politique 2020,Taux de confiance dans les institutions : 52%,fr,2020-01-01 00:00:00.000000,CEVIPOF - Baromètre de confiance politique,2,Données Maîtres,2025-11-18 22:27:31.006977,csv,,,,,,,,,pending,,,"[""0.04940384002065631"", ""0.15831692877998726"", ""0.15831692877998726"", ""0.29736558256021506""]",[],neutre,0.1,"Keywords: 0.04940384002065631, 0.15831692877998726, 0.15831692877998726, 0.29736558256021506"
88,Enquête confiance politique 2019,Taux de confiance dans les institutions : 50%,fr,2019-01-01 00:00:00.000000,CEVIPOF - Baromètre de confiance politique,2,Données Maîtres,2025-11-18 22:27:31.006977,csv,,,,,,,,,pending,,,"[""0.04940384002065631"", ""0.15831692877998726"", ""0.15831692877998726"", ""0.29736558256021506""]",[],neutre,0.1,"Keywords: 0.04940384002065631, 0.15831692877998726, 0.15831692877998726, 0.29736558256021506"
89,Enquête confiance politique 2018,Taux de confiance dans les institutions : 48%,fr,2018-01-01 00:00:00.000000,CEVIPOF - Baromètre de confiance politique,2,Données Maîtres,2025-11-18 22:27:31.006977,csv,,,,,,,,,pending,,,"[""0.04940384002065631"", ""0.15831692877998726"", ""0.15831692877998726"", ""0.29736558256021506""]",[],neutre,0.1,"Keywords: 0.04940384002065631, 0.15831692877998726, 0.15831692877998726, 0.29736558256021506"
90,Enquête confiance politique 2017,Taux de confiance dans les institutions : 46%,fr,2017-01-01 00:00:00.000000,CEVIPOF - Baromètre de confiance politique,2,Données Maîtres,2025-11-18 22:27:31.006977,csv,,,,,,,,,pending,,,"[""0.04940384002065631"", ""0.15831692877998726"", ""0.15831692877998726"", ""0.29736558256021506""]",[],neutre,0.1,"Keywords: 0.04940384002065631, 0.15831692877998726, 0.15831692877998726, 0.29736558256021506"
91,Enquête confiance politique 2016,Taux de confiance dans les institutions : 44%,fr,2016-01-01 00:00:00.000000,CEVIPOF - Baromètre de confiance politique,2,Données Maîtres,2025-11-18 22:27:31.006977,csv,,,,,,,,,pending,,,"[""0.04940384002065631"", ""0.15831692877998726"", ""0.15831692877998726"", ""0.29736558256021506""]",[],neutre,0.1,"Keywords: 0.04940384002065631, 0.15831692877998726, 0.15831692877998726, 0.29736558256021506"
92,Enquête confiance politique 2015,Taux de confiance dans les institutions : 42%,fr,2015-01-01 00:00:00.000000,CEVIPOF - Baromètre de confiance politique,2,Données Maîtres,2025-11-18 22:27:31.006977,csv,,,,,,,,,pending,,,"[""0.04940384002065631"", ""0.15831692877998726"", ""0.15831692877998726"", ""0.29736558256021506""]",[],neutre,0.1,"Keywords: 0.04940384002065631, 0.15831692877998726, 0.15831692877998726, 0.29736558256021506"
